"Date","Price","Open","High","Low","Vol.","Change %"
"11/14/2025","23,441.02","23,402.29","23,662.22","23,372.79","","0.17%"
"11/13/2025","23,402.29","23,286.68","23,417.94","23,263.45","","0.50%"
"11/12/2025","23,286.68","23,102.33","23,287.61","23,101.86","","0.80%"
"11/11/2025","23,102.33","22,785.05","23,136.51","22,785.05","","1.39%"
"11/10/2025","22,785.05","22,865.87","22,902.37","22,747.00","","-0.35%"
"11/07/2025","22,865.87","22,886.80","22,928.45","22,802.38","","-0.09%"
"11/06/2025","22,886.80","22,700.59","22,886.80","22,664.49","","0.82%"
"11/05/2025","22,700.59","22,647.15","22,743.69","22,636.64","","0.24%"
"11/04/2025","22,647.15","22,642.28","22,753.09","22,620.46","","0.02%"
"11/03/2025","22,642.28","22,516.79","22,650.14","22,509.00","","0.56%"
"10/31/2025","22,516.79","22,487.97","22,722.91","22,455.73","","0.13%"
"10/30/2025","22,487.97","22,610.69","22,623.96","22,261.57","","-0.54%"
"10/29/2025","22,610.69","22,852.54","22,888.02","22,447.35","","-1.06%"
"10/28/2025","22,852.54","22,621.53","22,852.54","22,589.91","","1.02%"
"10/27/2025","22,621.53","22,544.20","22,652.18","22,474.74","","0.34%"
"10/24/2025","22,544.20","22,314.17","22,558.50","22,309.71","","1.03%"
"10/23/2025","22,314.17","22,139.63","22,440.50","22,137.94","","0.79%"
"10/22/2025","22,139.63","21,993.37","22,187.16","21,993.37","","0.67%"
"10/21/2025","21,993.37","21,810.89","22,001.61","21,810.39","","0.84%"
"10/20/2025","21,810.89","21,777.39","21,894.64","21,772.70","","0.15%"
"10/17/2025","21,777.39","21,743.18","21,833.73","21,735.91","","0.16%"
"10/16/2025","21,743.18","21,648.49","21,778.87","21,632.14","","0.44%"
"10/15/2025","21,648.49","21,639.50","21,692.76","21,611.41","","0.04%"
"10/14/2025","21,639.50","21,644.87","21,676.00","21,598.03","","-0.02%"
"10/13/2025","21,644.87","21,629.27","21,666.19","21,539.67","","0.07%"
"10/10/2025","21,629.27","21,619.44","21,676.73","21,601.92","","0.05%"
"10/09/2025","21,619.44","21,609.60","21,690.63","21,599.67","","0.05%"
"10/08/2025","21,609.60","21,524.96","21,614.69","21,476.34","","0.39%"
"10/07/2025","21,524.96","21,536.65","21,558.29","21,433.87","","-0.05%"
"10/06/2025","21,536.65","21,536.81","21,592.24","21,500.18","","0.00%"
"10/03/2025","21,536.81","21,526.78","21,600.37","21,499.85","","0.05%"
"10/02/2025","21,526.78","21,385.15","21,546.01","21,385.15","","0.66%"
"10/01/2025","21,385.15","21,337.07","21,446.27","21,289.32","","0.23%"
"09/30/2025","21,337.07","21,284.69","21,397.36","21,279.82","","0.25%"
"09/29/2025","21,284.69","21,112.08","21,352.52","21,101.17","","0.82%"
"09/26/2025","21,112.08","21,057.61","21,204.82","21,052.01","","0.26%"
"09/25/2025","21,057.61","20,764.77","21,087.71","20,764.77","","1.41%"
"09/24/2025","20,764.77","20,644.54","20,869.70","20,643.32","","0.58%"
"09/23/2025","20,644.54","20,779.27","20,790.22","20,644.54","","-0.65%"
"09/22/2025","20,779.27","20,648.34","20,856.01","20,628.40","","0.63%"
"09/19/2025","20,648.34","20,901.70","20,951.33","20,648.34","","-1.21%"
"09/18/2025","20,901.70","20,869.29","20,921.25","20,861.39","","0.16%"
"09/17/2025","20,869.29","20,695.36","20,889.61","20,695.36","","0.84%"
"09/16/2025","20,695.36","20,792.15","20,847.31","20,695.36","","-0.47%"
"09/15/2025","20,792.15","20,831.38","20,831.76","20,703.61","","-0.19%"
"09/12/2025","20,831.38","20,651.99","20,832.02","20,642.96","","0.87%"
"09/11/2025","20,651.99","20,629.78","20,660.81","20,576.02","","0.11%"
"09/10/2025","20,629.78","20,572.06","20,646.79","20,545.46","","0.28%"
"09/09/2025","20,572.06","20,695.03","20,740.76","20,572.06","","-0.59%"
"09/08/2025","20,695.03","20,770.93","20,775.69","20,652.19","","-0.37%"
"09/05/2025","20,770.93","20,485.23","20,814.28","20,485.23","","1.39%"
"09/04/2025","20,485.23","20,615.07","20,716.76","20,485.23","","-0.63%"
"09/03/2025","20,615.07","20,281.78","20,616.23","20,250.52","","1.64%"
"09/02/2025","20,281.78","20,336.09","20,336.47","20,209.12","","-0.27%"
"09/01/2025","20,336.09","20,557.04","20,572.46","20,271.60","","-1.07%"
"08/29/2025","20,557.04","20,559.21","20,627.64","20,513.75","","-0.01%"
"08/28/2025","20,559.21","20,648.94","20,723.17","20,556.47","","-0.43%"
"08/27/2025","20,648.94","20,630.22","20,739.33","20,609.56","","0.09%"
"08/26/2025","20,630.22","20,811.10","20,850.89","20,630.22","","-0.87%"
"08/25/2025","20,811.10","20,689.53","20,816.83","20,658.01","","0.59%"
"08/22/2025","20,689.53","20,738.67","20,787.56","20,684.32","","-0.24%"
"08/21/2025","20,738.67","20,793.92","20,871.74","20,711.28","","-0.27%"
"08/20/2025","20,793.92","20,617.17","20,811.73","20,616.23","","0.86%"
"08/19/2025","20,617.17","20,738.87","20,851.11","20,617.17","","-0.59%"
"08/18/2025","20,738.87","21,024.30","21,024.30","20,659.50","","-1.36%"
"08/14/2025","21,024.30","21,176.99","21,187.38","20,820.23","","-0.72%"
"08/13/2025","21,176.99","20,826.19","21,179.61","20,824.29","","1.68%"
"08/12/2025","20,826.19","20,925.28","20,967.36","20,826.19","","-0.47%"
"08/11/2025","20,925.28","20,877.39","20,987.97","20,853.89","","0.23%"
"08/08/2025","20,877.39","20,814.90","21,097.73","20,814.90","","0.30%"
"08/07/2025","20,814.90","20,491.26","20,844.89","20,491.26","","1.58%"
"08/06/2025","20,491.26","20,334.44","20,534.45","20,320.61","","0.77%"
"08/05/2025","20,334.44","20,162.70","20,364.88","20,162.70","","0.85%"
"08/04/2025","20,162.70","20,136.61","20,246.84","20,127.99","","0.13%"
"08/01/2025","20,136.61","20,189.38","20,287.02","20,095.49","","-0.26%"
"07/31/2025","20,189.38","20,023.82","20,308.42","20,018.06","","0.83%"
"07/30/2025","20,023.82","19,995.64","20,112.94","19,995.53","","0.14%"
"07/29/2025","19,995.64","19,993.97","20,064.44","19,959.25","","0.01%"
"07/28/2025","19,993.97","19,908.18","19,996.83","19,850.74","","0.43%"
"07/25/2025","19,908.18","19,790.84","19,935.01","19,782.36","","0.59%"
"07/24/2025","19,790.84","19,734.44","19,834.55","19,733.82","","0.29%"
"07/23/2025","19,734.44","19,662.52","19,788.83","19,656.56","","0.37%"
"07/22/2025","19,662.52","19,703.91","19,724.80","19,617.13","","-0.21%"
"07/21/2025","19,703.91","19,768.54","19,777.98","19,610.51","","-0.33%"
"07/18/2025","19,768.54","19,686.94","19,815.01","19,686.94","","0.41%"
"07/17/2025","19,686.94","19,397.17","19,789.17","19,397.17","","1.49%"
"07/16/2025","19,397.17","19,189.94","19,425.19","19,177.54","","1.08%"
"07/15/2025","19,189.94","19,057.52","19,202.43","19,056.40","","0.69%"
"07/14/2025","19,057.52","18,858.05","19,089.32","18,857.39","","1.06%"
"07/11/2025","18,858.05","18,890.47","18,930.37","18,841.88","","-0.17%"
"07/10/2025","18,890.47","18,754.36","18,926.65","18,734.65","","0.73%"
"07/09/2025","18,754.36","18,680.54","18,778.45","18,658.62","","0.40%"
"07/08/2025","18,680.54","18,630.78","18,684.99","18,545.23","","0.27%"
"07/07/2025","18,630.78","18,614.05","18,690.16","18,457.09","","0.09%"
"07/04/2025","18,614.05","18,662.78","18,705.89","18,584.77","","-0.26%"
"07/03/2025","18,662.78","18,528.42","18,712.06","18,510.07","","0.73%"
"07/02/2025","18,528.42","18,842.64","18,870.43","18,528.42","","-1.67%"
"07/01/2025","18,842.64","18,735.57","18,899.81","18,735.57","","0.57%"
"06/30/2025","18,735.57","18,629.72","18,802.58","18,550.26","","0.57%"
"06/27/2025","18,629.72","18,479.56","18,630.32","18,478.77","","0.81%"
"06/26/2025","18,479.56","18,509.56","18,536.86","18,431.16","","-0.16%"
"06/25/2025","18,509.56","18,608.79","18,621.74","18,474.56","","-0.53%"
"06/24/2025","18,608.79","18,602.45","18,608.79","18,491.51","","0.03%"
"06/23/2025","18,602.45","18,825.36","18,826.04","18,520.68","","-1.18%"
"06/20/2025","18,825.36","18,651.06","18,825.36","18,541.32","","0.93%"
"06/19/2025","18,651.06","18,695.07","18,737.20","18,603.50","","-0.24%"
"06/18/2025","18,695.07","18,705.16","18,744.72","18,663.95","","-0.05%"
"06/17/2025","18,705.16","18,562.78","18,705.27","18,477.47","","0.77%"
"06/16/2025","18,562.78","18,389.47","18,562.78","18,301.17","","0.94%"
"06/13/2025","18,389.47","18,486.91","18,544.90","18,320.95","","-0.53%"
"06/12/2025","18,486.91","18,508.10","18,562.36","18,443.81","","-0.11%"
"06/11/2025","18,508.10","18,603.99","18,668.20","18,456.13","","-0.52%"
"06/10/2025","18,603.99","18,819.83","18,827.89","18,603.99","","-1.15%"
"06/06/2025","18,819.83","18,812.65","18,857.22","18,765.30","","0.04%"
"06/05/2025","18,812.65","18,586.07","18,865.08","18,586.07","","1.22%"
"06/04/2025","18,586.07","18,521.83","18,624.65","18,483.50","","0.35%"
"06/03/2025","18,521.83","18,537.63","18,660.33","18,321.04","","-0.09%"
"06/02/2025","18,537.63","18,305.14","18,551.18","18,231.57","","1.27%"
"05/30/2025","18,305.14","18,024.84","18,305.14","18,022.41","","1.56%"
"05/29/2025","18,024.84","17,932.83","18,065.57","17,901.46","","0.51%"
"05/28/2025","17,932.83","17,832.85","18,011.72","17,831.92","","0.56%"
"05/27/2025","17,832.85","17,736.34","17,954.30","17,725.80","","0.54%"
"05/26/2025","17,736.34","17,497.04","17,736.77","17,497.04","","1.37%"
"05/23/2025","17,497.04","17,557.98","17,660.32","17,492.89","","-0.35%"
"05/22/2025","17,557.98","17,234.52","17,573.45","17,233.90","","1.88%"
"05/21/2025","17,234.52","17,346.20","17,448.67","17,233.82","","-0.64%"
"05/20/2025","17,346.20","17,445.26","17,503.82","17,346.20","","-0.57%"
"05/19/2025","17,445.26","16,760.73","17,547.76","16,760.73","","4.08%"
"05/16/2025","16,760.73","16,250.36","16,760.73","16,250.36","","3.14%"
"05/15/2025","16,250.36","16,506.97","16,507.28","16,250.36","","-1.55%"
"05/14/2025","16,506.97","16,560.23","16,660.40","16,490.39","","-0.32%"
"05/13/2025","16,560.23","16,458.52","16,650.13","16,458.52","","0.62%"
"05/12/2025","16,458.52","16,483.58","16,526.19","16,369.66","","-0.15%"
"05/09/2025","16,483.58","16,324.71","16,499.82","16,275.00","","0.97%"
"05/08/2025","16,324.71","16,621.76","16,676.84","16,319.50","","-1.79%"
"05/07/2025","16,621.76","16,570.20","16,746.44","16,540.10","","0.31%"
"05/06/2025","16,570.20","16,645.36","16,682.26","16,448.75","","-0.45%"
"05/05/2025","16,645.36","17,139.47","17,139.47","16,645.36","","-2.88%"
"05/02/2025","17,139.47","17,156.94","17,295.24","17,131.37","","-0.10%"
"04/30/2025","17,156.94","17,435.68","17,450.78","17,156.94","","-1.60%"
"04/29/2025","17,435.68","17,409.68","17,462.23","17,362.61","","0.15%"
"04/28/2025","17,409.68","17,431.76","17,480.78","17,356.23","","-0.13%"
"04/25/2025","17,431.76","17,374.77","17,436.43","17,374.77","","0.33%"
"04/24/2025","17,374.77","17,330.68","17,444.08","17,320.99","","0.25%"
"04/23/2025","17,330.68","17,167.07","17,362.75","17,166.88","","0.95%"
"04/22/2025","17,167.07","17,071.85","17,167.07","17,026.76","","0.56%"
"04/17/2025","17,071.85","17,060.58","17,119.77","17,040.23","","0.07%"
"04/16/2025","17,060.58","17,104.81","17,135.03","17,060.58","","-0.26%"
"04/15/2025","17,104.81","17,057.76","17,137.69","17,056.85","","0.28%"
"04/14/2025","17,057.76","17,045.91","17,175.38","17,045.81","","0.07%"
"04/11/2025","17,045.91","16,966.28","17,084.90","16,966.28","","0.47%"
"04/10/2025","16,966.28","16,545.57","17,270.08","16,545.57","","2.54%"
"04/09/2025","16,545.57","17,054.38","17,054.38","16,545.57","","-2.98%"
"04/08/2025","17,054.38","16,483.03","17,054.38","16,483.03","","3.47%"
"04/07/2025","16,483.03","16,884.29","16,884.29","16,137.08","","-2.38%"
"04/04/2025","16,884.29","17,330.11","17,330.11","16,884.29","","-2.57%"
"04/03/2025","17,330.11","17,561.89","17,561.89","17,330.11","","-1.32%"
"04/02/2025","17,561.89","17,568.81","17,619.27","17,559.86","","-0.04%"
"04/01/2025","17,568.81","17,513.05","17,593.53","17,511.93","","0.32%"
"03/31/2025","17,513.05","17,570.12","17,586.12","17,512.48","8.01M","-0.32%"
"03/28/2025","17,570.12","17,504.64","17,577.56","17,460.78","20.50M","0.37%"
"03/27/2025","17,504.64","17,438.31","17,531.63","17,434.37","19.00M","0.38%"
"03/26/2025","17,438.31","17,445.55","17,500.08","17,427.01","11.18M","-0.04%"
"03/25/2025","17,445.55","17,393.54","17,452.30","17,330.34","17.42M","0.30%"
"03/24/2025","17,393.54","17,291.95","17,452.16","17,282.52","","0.59%"
"03/21/2025","17,291.95","17,330.00","17,397.55","17,291.95","29.86M","-0.22%"
"03/20/2025","17,330.00","17,302.25","17,391.10","17,289.01","45.77M","0.16%"
"03/19/2025","17,302.25","17,287.20","17,415.13","17,286.07","","0.09%"
"03/18/2025","17,287.20","17,399.35","17,429.62","17,287.20","","-0.64%"
"03/17/2025","17,399.35","17,270.40","17,419.73","17,270.40","","0.75%"
"03/14/2025","17,270.40","17,359.05","17,445.36","17,270.40","","-0.51%"
"03/13/2025","17,359.05","17,437.38","17,470.56","17,359.05","","-0.45%"
"03/12/2025","17,437.38","17,538.02","17,538.02","17,378.99","","-0.57%"
"03/11/2025","17,538.02","17,463.72","17,538.02","17,364.82","","0.43%"
"03/10/2025","17,463.72","17,607.29","17,607.29","17,463.72","","-0.82%"
"03/07/2025","17,607.29","17,447.20","17,628.77","17,418.52","","0.92%"
"03/06/2025","17,447.20","17,365.14","17,490.58","17,358.12","7.62M","0.47%"
"03/05/2025","17,365.14","17,111.21","17,391.59","17,110.86","12.70M","1.48%"
"03/04/2025","17,111.21","17,476.39","17,476.39","17,111.21","13.49M","-2.09%"
"03/03/2025","17,476.39","17,520.75","17,619.08","17,420.41","8.21M","-0.25%"
"02/28/2025","17,520.75","17,718.91","17,797.63","17,520.75","9.32M","-1.12%"
"02/27/2025","17,718.91","17,659.65","17,736.27","17,584.85","8.40M","0.34%"
"02/26/2025","17,659.65","17,576.17","17,659.65","17,530.74","13.43M","0.47%"
"02/25/2025","17,576.17","17,450.67","17,578.35","17,447.62","17.96M","0.72%"
"02/24/2025","17,450.67","17,524.73","17,586.55","17,448.61","9.86M","-0.42%"
"02/21/2025","17,524.73","17,726.89","17,776.34","17,524.73","7.57M","-1.14%"
"02/20/2025","17,726.89","17,855.96","17,870.92","17,696.40","13.68M","-0.72%"
"02/19/2025","17,855.96","17,758.93","17,871.42","17,735.56","28.71M","0.55%"
"02/18/2025","17,758.93","17,639.46","17,758.93","17,571.31","14.22M","0.68%"
"02/17/2025","17,639.46","17,681.83","17,681.93","17,568.32","15.38M","-0.24%"
"02/14/2025","17,681.83","17,530.06","17,688.56","17,516.42","59.47M","0.87%"
"02/13/2025","17,530.06","17,321.87","17,530.06","17,265.97","18.84M","1.20%"
"02/12/2025","17,321.87","17,221.78","17,332.40","17,196.55","11.50M","0.58%"
"02/11/2025","17,221.78","17,137.72","17,231.72","17,093.07","18.38M","0.49%"
"02/10/2025","17,137.72","17,063.55","17,188.23","17,063.55","17.07M","0.43%"
"02/07/2025","17,063.55","17,141.27","17,190.42","17,063.55","11.93M","-0.45%"
"02/06/2025","17,141.27","17,080.62","17,166.65","17,063.81","16.69M","0.36%"
"02/05/2025","17,080.62","16,965.31","17,095.50","16,965.31","24.75M","0.68%"
"02/04/2025","16,965.31","16,965.91","16,995.51","16,911.49","27.54M","0.00%"
"02/03/2025","16,965.91","16,999.70","17,095.58","16,888.31","11.39M","-0.20%"
"01/31/2025","16,999.70","17,013.03","17,078.08","16,987.46","11.72M","-0.08%"
"01/30/2025","17,013.03","17,004.88","17,034.72","16,946.39","8.18M","0.05%"
"01/29/2025","17,004.88","17,030.21","17,079.30","16,964.71","13.89M","-0.15%"
"01/28/2025","17,030.21","16,977.69","17,082.10","16,888.46","19.05M","0.31%"
"01/27/2025","16,977.69","17,062.20","17,062.20","16,823.52","14.24M","-0.50%"
"01/23/2025","17,062.20","17,028.46","17,081.94","16,983.20","8.86M","0.20%"
"01/22/2025","17,028.46","16,926.62","17,055.25","16,926.62","58.04M","0.60%"
"01/21/2025","16,926.62","16,913.68","16,999.55","16,871.67","15.37M","0.08%"
"01/20/2025","16,913.68","16,927.96","16,977.40","16,877.13","9.94M","-0.08%"
"01/17/2025","16,927.96","17,015.45","17,028.70","16,867.22","10.75M","-0.51%"
"01/16/2025","17,015.45","16,997.37","17,041.20","16,975.40","20.31M","0.11%"
"01/15/2025","16,997.37","17,069.80","17,082.77","16,997.37","8.95M","-0.42%"
"01/14/2025","17,069.80","16,978.18","17,069.80","16,930.10","12.76M","0.54%"
"01/13/2025","16,978.18","17,052.60","17,131.31","16,927.32","11.70M","-0.44%"
"01/10/2025","17,052.60","17,093.32","17,191.72","17,052.60","11.56M","-0.24%"
"01/09/2025","17,093.32","17,118.38","17,145.86","17,070.46","12.26M","-0.15%"
"01/08/2025","17,118.38","17,031.70","17,144.71","17,027.52","17.50M","0.51%"
"01/03/2025","17,031.70","16,720.75","17,043.95","16,718.24","9.58M","1.86%"
"12/30/2024","16,720.75","16,924.44","16,924.58","16,657.58","23.09M","-1.20%"
"12/27/2024","16,924.44","16,857.73","17,044.91","16,857.36","13.23M","0.40%"
"12/23/2024","16,857.73","16,728.81","17,045.38","16,728.81","28.67M","0.77%"
"12/20/2024","16,728.81","16,424.98","16,860.58","16,424.98","20.53M","1.85%"
"12/19/2024","16,424.98","16,760.96","16,760.96","16,255.83","48.72M","-2.00%"
"12/18/2024","16,760.96","17,155.99","17,158.43","16,715.45","19.46M","-2.30%"
"12/17/2024","17,155.99","17,250.96","17,295.72","17,155.99","9.13M","-0.55%"
"12/16/2024","17,250.96","17,432.02","17,456.33","17,249.69","17.20M","-1.04%"
"12/13/2024","17,432.02","17,387.77","17,434.05","17,339.43","11.89M","0.25%"
"12/12/2024","17,387.77","17,394.91","17,428.51","17,323.84","20.32M","-0.04%"
"12/11/2024","17,394.91","17,177.70","17,394.91","17,177.70","21.55M","1.26%"
"12/10/2024","17,177.70","17,010.32","17,177.70","17,005.16","19.42M","0.98%"
"12/09/2024","17,010.32","16,650.41","17,079.87","16,650.41","23.31M","2.16%"
"12/06/2024","16,650.41","16,170.13","17,053.86","16,170.13","75.38M","2.97%"
"12/05/2024","16,170.13","16,297.50","16,314.55","16,128.96","33.73M","-0.78%"
"12/04/2024","16,297.50","16,060.28","16,358.64","15,539.42","58.64M","1.48%"
"12/03/2024","16,060.28","16,447.31","16,572.29","16,055.97","46.90M","-2.35%"
"12/02/2024","16,447.31","16,344.77","16,814.03","16,344.77","27.12M","0.63%"
"11/29/2024","16,344.77","16,663.28","16,663.28","16,147.99","39.26M","-1.91%"
"11/28/2024","16,663.28","16,971.55","16,972.19","16,629.04","29.52M","-1.82%"
"11/27/2024","16,971.55","16,985.64","17,046.71","16,923.57","11.30M","-0.08%"
"11/26/2024","16,985.64","16,982.34","17,028.96","16,901.31","7.63M","0.02%"
"11/25/2024","16,982.34","17,134.54","17,134.54","16,801.10","26.20M","-0.89%"
"11/22/2024","17,134.54","17,302.90","17,332.14","17,123.40","9.04M","-0.97%"
"11/21/2024","17,302.90","17,194.06","17,319.61","17,194.06","7.59M","0.63%"
"11/20/2024","17,194.06","17,143.34","17,363.26","17,143.34","8.48M","0.30%"
"11/19/2024","17,143.34","17,423.52","17,448.36","17,111.22","15.21M","-1.61%"
"11/18/2024","17,423.52","17,638.19","17,662.56","17,415.61","12.59M","-1.22%"
"11/15/2024","17,638.19","17,674.07","17,695.95","17,604.86","6.18M","-0.20%"
"11/14/2024","17,674.07","17,681.47","17,779.01","17,623.28","43.81M","-0.04%"
"11/13/2024","17,681.47","17,677.85","17,787.72","17,655.70","22.98M","0.02%"
"11/12/2024","17,677.85","17,519.99","17,691.49","17,519.99","27.27M","0.90%"
"11/11/2024","17,519.99","17,374.51","17,547.91","17,366.07","101.54M","0.84%"
"11/08/2024","17,374.51","17,347.27","17,427.34","17,347.27","38.89M","0.16%"
"11/07/2024","17,347.27","17,281.07","17,379.71","17,278.34","15.13M","0.38%"
"11/06/2024","17,281.07","17,236.29","17,308.87","17,223.92","31.42M","0.26%"
"11/05/2024","17,236.29","17,209.02","17,317.58","17,182.42","19.58M","0.16%"
"11/04/2024","17,209.02","17,470.35","17,475.92","17,209.02","29.76M","-1.50%"
"11/01/2024","17,470.35","17,439.09","17,490.12","17,398.88","14.61M","0.18%"
"10/31/2024","17,439.09","17,461.50","17,487.11","17,393.00","22.41M","-0.13%"
"10/30/2024","17,461.50","17,504.24","17,541.55","17,445.44","15.12M","-0.24%"
"10/29/2024","17,504.24","17,372.05","17,517.69","17,372.05","14.30M","0.76%"
"10/28/2024","17,372.05","17,473.73","17,484.09","17,372.05","7.12M","-0.58%"
"10/25/2024","17,473.73","17,445.16","17,530.23","17,419.35","4.86M","0.16%"
"10/24/2024","17,445.16","17,442.24","17,482.52","17,418.20","15.93M","0.02%"
"10/23/2024","17,442.24","17,337.55","17,450.77","17,313.15","15.30M","0.60%"
"10/22/2024","17,337.55","17,441.39","17,466.25","17,337.55","18.22M","-0.60%"
"10/21/2024","17,441.39","17,405.74","17,464.31","17,397.74","16.52M","0.20%"
"10/18/2024","17,405.74","17,445.58","17,499.33","17,405.74","6.49M","-0.23%"
"10/17/2024","17,445.58","17,485.07","17,547.24","17,417.04","8.73M","-0.23%"
"10/16/2024","17,485.07","17,507.68","17,581.54","17,396.69","10.22M","-0.13%"
"10/15/2024","17,507.68","17,593.76","17,641.43","17,504.77","21.20M","-0.49%"
"10/14/2024","17,593.76","17,727.84","17,736.93","17,567.09","33.43M","-0.76%"
"10/11/2024","17,727.84","17,629.32","17,727.84","17,625.38","18.52M","0.56%"
"10/10/2024","17,629.32","17,656.26","17,695.39","17,595.51","12.90M","-0.15%"
"10/09/2024","17,656.26","17,520.32","17,656.26","17,520.32","41.50M","0.78%"
"10/08/2024","17,520.32","17,748.15","17,749.61","17,520.32","10.55M","-1.28%"
"10/07/2024","17,748.15","17,459.75","17,749.24","17,425.53","16.99M","1.65%"
"10/04/2024","17,459.75","17,389.22","17,459.75","17,337.83","21.74M","0.41%"
"10/03/2024","17,389.22","17,443.67","17,514.86","17,389.22","7.35M","-0.31%"
"10/02/2024","17,443.67","17,568.14","17,586.61","17,443.67","19.21M","-0.71%"
"10/01/2024","17,568.14","17,616.92","17,640.03","17,550.25","10.55M","-0.28%"
"09/30/2024","17,616.92","17,685.61","17,724.34","17,554.56","28.10M","-0.39%"
"09/27/2024","17,685.61","17,583.13","17,743.61","17,583.13","81.27M","0.58%"
"09/26/2024","17,583.13","17,690.32","17,710.74","17,583.13","41.24M","-0.61%"
"09/25/2024","17,690.32","17,644.15","17,708.43","17,608.46","9.58M","0.26%"
"09/24/2024","17,644.15","17,601.71","17,701.58","17,601.71","16.58M","0.24%"
"09/23/2024","17,601.71","17,633.89","17,704.09","17,601.71","39.31M","-0.18%"
"09/20/2024","17,633.89","17,629.06","17,701.32","17,599.73","35.60M","0.03%"
"09/19/2024","17,629.06","17,479.72","17,635.97","17,479.72","17.61M","0.85%"
"09/18/2024","17,479.72","17,507.85","17,562.85","17,465.63","20.09M","-0.16%"
"09/17/2024","17,507.85","17,532.29","17,595.71","17,450.38","9.31M","-0.14%"
"09/16/2024","17,532.29","17,388.35","17,532.29","17,388.35","9.40M","0.83%"
"09/13/2024","17,388.35","17,327.43","17,423.68","17,327.26","7.28M","0.35%"
"09/12/2024","17,327.43","17,329.67","17,423.18","17,267.88","15.51M","-0.01%"
"09/11/2024","17,329.67","17,472.79","17,501.09","17,253.12","24.22M","-0.82%"
"09/10/2024","17,472.79","17,477.86","17,641.77","17,459.90","16.60M","-0.03%"
"09/09/2024","17,477.86","17,388.74","17,595.29","17,388.74","30.67M","0.51%"
"09/06/2024","17,388.74","17,728.02","17,792.24","17,354.55","38.69M","-1.91%"
"09/05/2024","17,728.02","18,008.23","18,032.22","17,672.78","87.00M","-1.56%"
"09/04/2024","18,008.23","18,111.09","18,111.09","17,954.79","44.76M","-0.57%"
"09/03/2024","18,111.09","18,111.37","18,173.22","18,084.82","17.48M","0.00%"
"09/02/2024","18,111.37","18,148.46","18,271.46","18,076.91","8.66M","-0.20%"
"08/30/2024","18,148.46","18,235.55","18,324.48","18,148.46","28.51M","-0.48%"
"08/29/2024","18,235.55","18,270.37","18,326.58","18,196.67","7.77M","-0.19%"
"08/28/2024","18,270.37","18,330.81","18,393.56","18,269.62","6.84M","-0.33%"
"08/27/2024","18,330.81","18,452.97","18,464.87","18,330.81","7.02M","-0.66%"
"08/26/2024","18,452.97","18,431.63","18,471.95","18,334.26","6.40M","0.12%"
"08/23/2024","18,431.63","18,427.10","18,455.78","18,360.84","10.38M","0.02%"
"08/22/2024","18,427.10","18,399.41","18,451.16","18,375.71","9.43M","0.15%"
"08/21/2024","18,399.41","18,310.22","18,404.55","18,298.23","13.05M","0.49%"
"08/20/2024","18,310.22","18,191.96","18,346.63","18,191.96","10.20M","0.65%"
"08/19/2024","18,191.96","18,138.95","18,309.60","18,134.48","25.59M","0.29%"
"08/16/2024","18,138.95","18,019.21","18,171.68","18,019.21","10.05M","0.66%"
"08/14/2024","18,019.21","18,057.12","18,144.16","18,019.21","13.30M","-0.21%"
"08/13/2024","18,057.12","17,998.59","18,146.50","17,998.59","15.91M","0.33%"
"08/12/2024","17,998.59","17,818.68","18,053.62","17,818.68","24.31M","1.01%"
"08/09/2024","17,818.68","17,880.22","17,967.61","17,817.34","21.51M","-0.34%"
"08/08/2024","17,880.22","17,997.77","18,048.09","17,794.38","23.53M","-0.65%"
"08/07/2024","17,997.77","17,872.67","18,072.20","17,872.67","44.90M","0.70%"
"08/06/2024","17,872.67","17,757.68","18,186.93","17,754.07","64.29M","0.65%"
"08/05/2024","17,757.68","18,425.81","18,426.48","17,576.59","76.70M","-3.63%"
"08/02/2024","18,425.81","18,625.39","18,627.82","18,425.24","22.71M","-1.07%"
"08/01/2024","18,625.39","18,629.74","18,682.25","18,584.19","27.62M","-0.02%"
"07/31/2024","18,629.74","18,534.75","18,680.58","18,534.75","25.62M","0.51%"
"07/30/2024","18,534.75","18,513.49","18,616.29","18,513.49","34.46M","0.11%"
"07/29/2024","18,513.49","18,562.57","18,617.31","18,513.49","11.85M","-0.26%"
"07/26/2024","18,562.57","18,448.45","18,608.91","18,440.59","24.92M","0.62%"
"07/25/2024","18,448.45","18,715.59","18,738.89","18,438.13","70.17M","-1.43%"
"07/24/2024","18,715.59","18,696.86","18,790.46","18,663.03","25.82M","0.10%"
"07/23/2024","18,696.86","18,588.28","18,786.42","18,585.92","22.64M","0.58%"
"07/22/2024","18,588.28","18,662.07","18,703.29","18,548.88","19.01M","-0.40%"
"07/19/2024","18,662.07","18,749.46","18,767.06","18,623.96","16.46M","-0.47%"
"07/18/2024","18,749.46","18,621.52","18,749.46","18,614.67","20.64M","0.69%"
"07/17/2024","18,621.52","18,577.54","18,621.52","18,507.73","34.94M","0.24%"
"07/16/2024","18,577.54","18,546.14","18,636.15","18,546.14","62.52M","0.17%"
"07/15/2024","18,546.14","18,507.05","18,553.96","18,473.63","30.28M","0.21%"
"07/12/2024","18,507.05","18,513.50","18,529.37","18,466.94","16.55M","-0.03%"
"07/11/2024","18,513.50","18,432.82","18,520.55","18,425.85","24.13M","0.44%"
"07/10/2024","18,432.82","18,334.03","18,447.68","18,332.07","29.01M","0.54%"
"07/09/2024","18,334.03","18,445.68","18,480.63","18,334.03","27.91M","-0.61%"
"07/08/2024","18,445.68","18,442.43","18,474.70","18,380.42","68.34M","0.02%"
"07/05/2024","18,442.43","18,385.28","18,471.85","18,351.39","33.38M","0.31%"
"07/04/2024","18,385.28","18,257.20","18,386.46","18,217.68","49.53M","0.70%"
"07/03/2024","18,257.20","18,229.27","18,285.75","18,209.08","19.62M","0.15%"
"07/02/2024","18,229.27","18,177.50","18,246.12","18,139.28","29.37M","0.28%"
"07/01/2024","18,177.50","18,244.75","18,319.06","18,160.33","","-0.37%"
"06/28/2024","18,244.75","18,057.78","18,308.66","18,042.67","38.56M","1.04%"
"06/27/2024","18,057.78","18,279.10","18,307.33","17,985.35","53.03M","-1.21%"
"06/26/2024","18,279.10","18,271.27","18,362.33","18,239.96","19.78M","0.04%"
"06/25/2024","18,271.27","18,234.81","18,274.61","18,158.44","46.91M","0.20%"
"06/21/2024","18,234.81","18,042.59","18,234.81","18,036.92","37.17M","1.07%"
"06/20/2024","18,042.59","17,945.67","18,074.28","17,945.67","71.50M","0.54%"
"06/19/2024","17,945.67","18,020.52","18,145.67","17,935.95","72.58M","-0.42%"
"06/18/2024","18,020.52","17,879.99","18,027.60","17,874.80","27.91M","0.79%"
"06/17/2024","17,879.99","17,703.59","17,879.99","17,703.59","56.17M","1.00%"
"06/14/2024","17,703.59","17,861.11","17,936.44","17,703.59","15.91M","-0.88%"
"06/13/2024","17,861.11","17,788.71","17,949.71","17,788.71","27.08M","0.41%"
"06/12/2024","17,788.71","17,725.07","17,833.95","17,723.75","40.49M","0.36%"
"06/11/2024","17,725.07","17,872.46","17,947.49","17,661.71","54.64M","-0.82%"
"06/10/2024","17,872.46","18,076.69","18,161.89","17,860.46","25.67M","-1.13%"
"06/07/2024","18,076.69","18,174.01","18,181.49","17,910.30","24.92M","-0.54%"
"06/06/2024","18,174.01","17,891.78","18,174.01","17,891.78","19.16M","1.58%"
"06/05/2024","17,891.78","17,699.42","17,891.78","17,699.42","20.62M","1.09%"
"06/04/2024","17,699.42","17,588.19","17,761.00","17,587.66","12.57M","0.63%"
"06/03/2024","17,588.19","17,588.48","17,635.50","17,508.82","14.05M","0.00%"
"05/31/2024","17,588.48","17,562.27","17,663.30","17,505.23","15.79M","0.15%"
"05/30/2024","17,562.27","17,764.07","17,769.78","17,536.15","14.32M","-1.14%"
"05/29/2024","17,764.07","17,933.12","17,953.67","17,721.20","12.77M","-0.94%"
"05/28/2024","17,933.12","17,780.92","17,988.35","17,770.33","20.00M","0.86%"
"05/27/2024","17,780.92","17,680.50","17,812.89","17,654.00","13.98M","0.57%"
"05/24/2024","17,680.50","17,435.31","17,680.50","17,383.25","21.53M","1.41%"
"05/23/2024","17,435.31","17,494.47","17,526.11","17,398.09","8.07M","-0.34%"
"05/22/2024","17,494.47","17,448.12","17,539.15","17,448.12","10.64M","0.27%"
"05/21/2024","17,448.12","17,495.92","17,591.95","17,430.63","20.39M","-0.27%"
"05/20/2024","17,495.92","17,362.79","17,608.86","17,362.79","31.98M","0.77%"
"05/17/2024","17,362.79","17,190.17","17,392.78","17,190.17","14.84M","1.00%"
"05/16/2024","17,190.17","17,291.92","17,326.52","17,117.62","28.39M","-0.59%"
"05/15/2024","17,291.92","17,290.47","17,399.16","17,241.02","51.47M","0.01%"
"05/14/2024","17,290.47","17,316.45","17,330.95","17,173.98","54.67M","-0.15%"
"05/13/2024","17,316.45","17,292.08","17,383.51","17,278.97","30.99M","0.14%"
"05/10/2024","17,292.08","17,244.72","17,320.51","17,220.64","19.92M","0.27%"
"05/09/2024","17,244.72","17,161.64","17,250.59","17,157.69","16.13M","0.48%"
"05/08/2024","17,161.64","17,244.57","17,260.61","17,158.83","20.22M","-0.48%"
"05/07/2024","17,244.57","17,220.62","17,312.33","17,210.78","15.95M","0.14%"
"05/02/2024","17,220.62","17,060.94","17,270.44","17,060.62","12.25M","0.94%"
"04/30/2024","17,060.94","17,120.96","17,263.84","17,060.94","26.33M","-0.35%"
"04/29/2024","17,120.96","16,992.22","17,150.72","16,992.22","17.60M","0.76%"
"04/26/2024","16,992.22","16,971.24","17,042.61","16,946.87","10.02M","0.12%"
"04/25/2024","16,971.24","16,947.98","17,064.36","16,947.98","13.44M","0.14%"
"04/24/2024","16,947.98","16,864.29","17,041.05","16,864.29","37.84M","0.50%"
"04/23/2024","16,864.29","16,879.46","16,925.96","16,860.43","9.33M","-0.09%"
"04/22/2024","16,879.46","16,838.36","16,945.44","16,838.36","9.12M","0.24%"
"04/19/2024","16,838.36","16,883.08","16,945.28","16,837.68","12.67M","-0.26%"
"04/18/2024","16,883.08","16,919.27","16,991.14","16,883.08","6.04M","-0.21%"
"04/17/2024","16,919.27","16,811.20","16,984.90","16,810.19","25.32M","0.64%"
"04/16/2024","16,811.20","16,908.20","16,950.09","16,731.74","14.91M","-0.57%"
"04/15/2024","16,908.20","16,882.42","16,962.93","16,727.93","18.20M","0.15%"
"04/12/2024","16,882.42","17,013.16","17,084.69","16,872.21","119.56M","-0.77%"
"04/11/2024","17,013.16","17,199.85","17,263.00","16,857.04","17.91M","-1.09%"
"04/10/2024","17,199.85","17,209.48","17,306.31","17,169.96","12.03M","-0.06%"
"04/09/2024","17,209.48","17,251.45","17,317.06","17,197.35","16.28M","-0.24%"
"04/08/2024","17,251.45","17,152.91","17,336.15","17,152.39","18.64M","0.57%"
"04/05/2024","17,152.91","17,072.07","17,195.67","17,069.51","20.98M","0.47%"
"04/04/2024","17,072.07","17,044.36","17,147.84","17,044.36","17.98M","0.16%"
"04/03/2024","17,044.36","17,022.84","17,069.71","16,992.08","14.16M","0.13%"
"04/02/2024","17,022.84","17,027.05","17,067.78","17,001.70","19.24M","-0.02%"
"04/01/2024","17,027.05","17,025.61","17,089.36","17,000.26","9.52M","0.01%"
"03/29/2024","17,025.61","16,928.98","17,046.87","16,916.35","11.20M","0.57%"
"03/28/2024","16,928.98","16,830.02","16,932.07","16,822.88","15.38M","0.59%"
"03/27/2024","16,830.02","16,781.47","16,848.77","16,781.47","11.55M","0.29%"
"03/26/2024","16,781.47","16,702.44","16,815.52","16,702.44","21.16M","0.47%"
"03/25/2024","16,702.44","16,754.73","16,796.24","16,662.76","21.82M","-0.31%"
"03/22/2024","16,754.73","16,601.85","16,796.57","16,571.47","25.37M","0.92%"
"03/21/2024","16,601.85","16,481.29","16,620.93","16,481.29","44.23M","0.73%"
"03/20/2024","16,481.29","16,369.18","16,504.17","16,368.11","50.99M","0.68%"
"03/19/2024","16,369.18","16,347.25","16,391.12","16,343.97","18.46M","0.13%"
"03/18/2024","16,347.25","16,246.54","16,373.28","16,246.37","10.36M","0.62%"
"03/15/2024","16,246.54","16,295.44","16,374.90","16,242.33","37.26M","-0.30%"
"03/14/2024","16,295.44","16,230.92","16,304.34","16,230.92","8.96M","0.40%"
"03/13/2024","16,230.92","16,232.10","16,283.22","16,203.45","7.60M","-0.01%"
"03/12/2024","16,232.10","16,241.58","16,276.29","16,203.32","17.78M","-0.06%"
"03/11/2024","16,241.58","16,298.59","16,351.03","16,189.54","19.17M","-0.35%"
"03/08/2024","16,298.59","16,228.56","16,304.92","16,228.56","17.32M","0.43%"
"03/07/2024","16,228.56","16,239.24","16,285.83","16,211.87","17.77M","-0.07%"
"03/06/2024","16,239.24","16,204.68","16,256.89","16,171.17","17.78M","0.21%"
"03/05/2024","16,204.68","16,129.36","16,261.15","16,129.09","28.54M","0.47%"
"03/04/2024","16,129.36","16,009.52","16,167.37","15,984.36","24.73M","0.75%"
"03/01/2024","16,009.52","15,891.07","16,020.75","15,887.66","12.93M","0.75%"
"02/29/2024","15,891.07","15,874.35","15,969.43","15,842.57","37.20M","0.11%"
"02/28/2024","15,874.35","15,818.35","15,935.61","15,817.62","10.86M","0.35%"
"02/27/2024","15,818.35","16,011.70","16,081.20","15,818.35","15.77M","-1.21%"
"02/26/2024","16,011.70","15,926.46","16,064.08","15,926.46","9.33M","0.54%"
"02/23/2024","15,926.46","16,013.66","16,063.56","15,888.28","11.99M","-0.54%"
"02/22/2024","16,013.66","15,888.48","16,051.12","15,885.96","16.82M","0.79%"
"02/21/2024","15,888.48","15,715.60","15,896.61","15,714.85","11.88M","1.10%"
"02/20/2024","15,715.60","15,790.52","15,843.68","15,715.60","12.32M","-0.47%"
"02/19/2024","15,790.52","15,718.39","15,880.46","15,718.39","16.78M","0.46%"
"02/16/2024","15,718.39","15,657.02","15,794.07","15,653.30","9.96M","0.39%"
"02/15/2024","15,657.02","15,693.33","15,800.59","15,653.68","10.89M","-0.23%"
"02/14/2024","15,693.33","15,675.54","15,723.10","15,658.40","4.37M","0.11%"
"02/13/2024","15,675.54","15,741.87","15,764.03","15,675.54","15.52M","-0.42%"
"02/12/2024","15,741.87","15,695.88","15,762.63","15,695.88","12.24M","0.29%"
"02/09/2024","15,695.88","15,721.62","15,781.67","15,644.14","11.36M","-0.16%"
"02/08/2024","15,721.62","15,726.44","15,777.25","15,721.62","9.79M","-0.03%"
"02/07/2024","15,726.44","15,694.24","15,739.53","15,677.13","91.27M","0.21%"
"02/06/2024","15,694.24","15,697.30","15,742.03","15,658.51","13.17M","-0.02%"
"02/05/2024","15,697.30","15,640.73","15,775.69","15,640.73","12.05M","0.36%"
"02/02/2024","15,640.73","15,621.43","15,748.10","15,621.43","23.40M","0.12%"
"02/01/2024","15,621.43","15,512.12","15,666.90","15,484.70","17.71M","0.70%"
"01/31/2024","15,512.12","15,376.62","15,512.12","15,376.62","9.93M","0.88%"
"01/30/2024","15,376.62","15,141.09","15,407.77","15,139.16","66.80M","1.56%"
"01/29/2024","15,141.09","15,126.22","15,287.03","15,126.22","16.45M","0.10%"
"01/26/2024","15,126.22","15,138.28","15,252.60","15,126.22","15.22M","-0.08%"
"01/25/2024","15,138.28","15,234.98","15,294.62","15,100.59","12.87M","-0.63%"
"01/23/2024","15,234.98","15,492.47","15,505.21","15,152.35","33.79M","-1.66%"
"01/22/2024","15,492.47","15,617.64","15,695.61","15,489.51","15.86M","-0.80%"
"01/19/2024","15,617.64","15,555.40","15,650.87","15,555.40","5.43M","0.40%"
"01/18/2024","15,555.40","15,563.64","15,601.17","15,516.73","9.48M","-0.05%"
"01/17/2024","15,563.64","15,780.71","15,795.47","15,563.64","22.51M","-1.38%"
"01/16/2024","15,780.71","15,803.32","15,835.32","15,737.85","18.80M","-0.14%"
"01/15/2024","15,803.32","15,776.45","15,811.62","15,720.19","19.62M","0.17%"
"01/12/2024","15,776.45","15,732.52","15,826.63","15,732.52","21.42M","0.28%"
"01/11/2024","15,732.52","15,682.37","15,765.89","15,682.37","24.82M","0.32%"
"01/10/2024","15,682.37","15,610.27","15,742.86","15,610.27","9.86M","0.46%"
"01/09/2024","15,610.27","15,468.65","15,630.26","15,468.65","39.51M","0.92%"
"01/08/2024","15,468.65","15,338.36","15,490.49","15,337.69","19.98M","0.85%"
"01/05/2024","15,338.36","15,355.08","15,369.45","15,283.18","17.71M","-0.11%"
"01/04/2024","15,355.08","15,231.29","15,360.27","15,231.29","11.38M","0.81%"
"01/03/2024","15,231.29","15,371.11","15,416.94","15,231.29","13.07M","-0.91%"
"12/29/2023","15,371.11","15,285.85","15,389.40","15,279.19","16.22M","0.56%"
"12/28/2023","15,285.85","15,315.66","15,335.98","15,232.17","20.99M","-0.19%"
"12/27/2023","15,315.66","15,285.36","15,341.36","15,260.98","13.94M","0.20%"
"12/22/2023","15,285.36","15,172.05","15,293.14","15,172.05","14.02M","0.75%"
"12/21/2023","15,172.05","15,396.21","15,406.06","15,103.37","36.33M","-1.46%"
"12/20/2023","15,396.21","15,531.23","15,556.13","15,383.37","29.02M","-0.87%"
"12/19/2023","15,531.23","15,472.07","15,531.23","15,434.45","40.87M","0.38%"
"12/18/2023","15,472.07","15,409.17","15,479.32","15,392.61","41.97M","0.41%"
"12/15/2023","15,409.17","15,284.66","15,420.98","15,284.66","27.95M","0.81%"
"12/14/2023","15,284.66","15,191.31","15,298.80","15,191.31","22.27M","0.61%"
"12/13/2023","15,191.31","15,141.12","15,195.61","15,136.77","39.10M","0.33%"
"12/12/2023","15,141.12","15,079.01","15,153.96","15,043.73","45.06M","0.41%"
"12/11/2023","15,079.01","15,033.96","15,125.58","15,002.39","45.52M","0.30%"
"12/08/2023","15,033.96","14,832.83","15,033.96","14,832.83","25.46M","1.36%"
"12/07/2023","14,832.83","14,820.81","14,947.74","14,820.81","63.03M","0.08%"
"12/06/2023","14,820.81","14,833.18","14,912.62","14,784.43","57.30M","-0.08%"
"12/05/2023","14,833.18","14,776.31","14,868.24","14,776.14","57.61M","0.38%"
"12/04/2023","14,776.31","14,712.11","14,879.54","14,712.11","13.94M","0.44%"
"11/29/2023","14,712.11","14,687.50","14,830.01","14,687.04","56.85M","0.17%"
"11/28/2023","14,687.50","14,665.60","14,723.70","14,654.05","20.13M","0.15%"
"11/27/2023","14,665.60","14,690.30","14,734.03","14,662.83","14.56M","-0.17%"
"11/24/2023","14,690.30","14,690.64","14,740.88","14,689.49","20.55M","0.00%"
"11/23/2023","14,690.64","14,730.80","14,772.66","14,683.53","16.02M","-0.27%"
"11/22/2023","14,730.80","14,736.56","14,773.25","14,730.80","16.75M","-0.04%"
"11/21/2023","14,736.56","14,661.61","14,750.56","14,661.61","15.57M","0.51%"
"11/20/2023","14,661.61","14,692.80","14,727.62","14,661.61","15.50M","-0.21%"
"11/17/2023","14,692.80","14,699.82","14,726.59","14,678.27","12.55M","-0.05%"
"11/16/2023","14,699.82","14,651.26","14,723.42","14,651.26","10.66M","0.33%"
"11/15/2023","14,651.26","14,664.16","14,774.36","14,651.26","36.74M","-0.09%"
"11/14/2023","14,664.16","14,616.64","14,677.61","14,608.73","17.94M","0.33%"
"11/13/2023","14,616.64","14,532.12","14,622.84","14,532.12","12.52M","0.58%"
"11/10/2023","14,532.12","14,534.53","14,571.51","14,464.25","14.79M","-0.02%"
"11/09/2023","14,534.53","14,542.76","14,590.51","14,528.99","12.03M","-0.06%"
"11/08/2023","14,542.76","14,635.77","14,661.38","14,529.97","10.90M","-0.64%"
"11/07/2023","14,635.77","14,576.97","14,687.79","14,576.97","16.71M","0.40%"
"11/06/2023","14,576.97","14,464.80","14,634.66","14,464.80","20.41M","0.78%"
"11/03/2023","14,464.80","14,313.21","14,520.68","14,313.21","53.30M","1.06%"
"11/02/2023","14,313.21","14,170.24","14,339.39","14,170.24","30.00M","1.01%"
"11/01/2023","14,170.24","14,218.42","14,245.03","14,129.68","30.24M","-0.34%"
"10/31/2023","14,218.42","14,281.45","14,302.83","14,177.40","24.56M","-0.44%"
"10/30/2023","14,281.45","14,257.84","14,311.45","14,245.52","13.48M","0.17%"
"10/27/2023","14,257.84","14,217.14","14,267.44","14,217.14","21.94M","0.29%"
"10/26/2023","14,217.14","14,211.21","14,239.96","14,181.94","20.58M","0.04%"
"10/25/2023","14,211.21","14,175.64","14,221.37","14,142.47","54.86M","0.25%"
"10/24/2023","14,175.64","14,039.47","14,197.11","14,039.47","59.31M","0.97%"
"10/23/2023","14,039.47","13,994.21","14,073.25","13,994.21","29.60M","0.32%"
"10/20/2023","13,994.21","14,168.77","14,184.98","13,994.21","18.89M","-1.23%"
"10/19/2023","14,168.77","14,190.12","14,258.97","14,168.77","25.20M","-0.15%"
"10/18/2023","14,190.12","14,117.46","14,216.79","14,116.72","40.49M","0.51%"
"10/17/2023","14,117.46","14,192.56","14,241.45","14,116.85","9.78M","-0.53%"
"10/16/2023","14,192.56","14,277.69","14,309.85","14,130.19","16.49M","-0.60%"
"10/13/2023","14,277.69","14,261.13","14,319.24","14,244.86","17.38M","0.12%"
"10/12/2023","14,261.13","14,204.86","14,307.44","14,204.86","34.90M","0.40%"
"10/11/2023","14,204.86","14,085.09","14,228.81","14,085.09","12.77M","0.85%"
"10/10/2023","14,085.09","13,896.56","14,124.00","13,896.56","33.56M","1.36%"
"10/09/2023","13,896.56","14,023.21","14,099.72","13,896.56","21.27M","-0.90%"
"10/06/2023","14,023.21","14,040.13","14,158.14","13,991.98","33.87M","-0.12%"
"10/05/2023","14,040.13","14,128.40","14,253.90","14,038.71","32.64M","-0.62%"
"10/04/2023","14,128.40","14,359.46","14,361.28","14,128.40","33.40M","-1.61%"
"10/03/2023","14,359.46","14,368.36","14,388.19","14,284.42","36.42M","-0.06%"
"10/02/2023","14,368.36","14,337.52","14,456.38","14,337.52","58.12M","0.22%"
"09/29/2023","14,337.52","14,214.40","14,492.20","14,214.40","87.05M","0.87%"
"09/28/2023","14,214.40","14,109.90","14,257.02","14,109.90","40.72M","0.74%"
"09/27/2023","14,109.90","14,244.72","14,251.55","14,003.90","64.19M","-0.95%"
"09/26/2023","14,244.72","14,435.35","14,438.80","14,238.18","41.96M","-1.32%"
"09/25/2023","14,435.35","14,413.59","14,447.75","14,400.94","37.60M","0.15%"
"09/22/2023","14,413.59","14,378.45","14,417.51","14,354.14","51.54M","0.24%"
"09/21/2023","14,378.45","14,466.10","14,501.23","14,374.42","34.02M","-0.61%"
"09/20/2023","14,466.10","14,322.77","14,510.20","14,317.97","98.14M","1.00%"
"09/19/2023","14,322.77","14,178.66","14,324.56","14,163.42","36.91M","1.02%"
"09/18/2023","14,178.66","14,133.31","14,205.24","14,111.26","48.63M","0.32%"
"09/15/2023","14,133.31","14,136.06","14,255.21","14,028.60","48.07M","-0.02%"
"09/14/2023","14,136.06","14,089.54","14,174.61","14,087.06","44.63M","0.33%"
"09/13/2023","14,089.54","14,094.91","14,149.29","14,085.78","29.44M","-0.04%"
"09/12/2023","14,094.91","13,987.44","14,119.20","13,987.44","22.54M","0.77%"
"09/11/2023","13,987.44","13,800.96","13,993.31","13,796.35","34.50M","1.35%"
"09/08/2023","13,800.96","13,661.42","13,800.96","13,651.80","31.15M","1.02%"
"09/07/2023","13,661.42","13,476.21","13,717.47","13,430.43","109.85M","1.37%"
"09/06/2023","13,476.21","13,214.22","13,476.21","13,204.16","72.15M","1.98%"
"09/05/2023","13,214.22","13,354.11","13,361.73","13,166.33","35.08M","-1.05%"
"09/04/2023","13,354.11","13,285.48","13,355.24","13,281.09","23.21M","0.52%"
"09/01/2023","13,285.48","13,256.21","13,329.58","13,256.21","16.71M","0.22%"
"08/31/2023","13,256.21","13,257.60","13,313.84","13,240.49","25.53M","-0.01%"
"08/30/2023","13,257.60","13,201.09","13,268.13","13,201.09","24.48M","0.43%"
"08/29/2023","13,201.09","13,104.80","13,202.21","13,104.80","19.46M","0.73%"
"08/28/2023","13,104.80","13,026.12","13,120.99","13,026.12","11.18M","0.60%"
"08/25/2023","13,026.12","13,097.05","13,131.91","13,026.12","10.82M","-0.54%"
"08/24/2023","13,097.05","13,012.70","13,142.77","13,012.51","13.82M","0.65%"
"08/23/2023","13,012.70","12,930.06","13,064.76","12,930.06","16.86M","0.64%"
"08/22/2023","12,930.06","12,891.69","12,993.85","12,891.69","13.75M","0.30%"
"08/21/2023","12,891.69","12,716.35","12,910.10","12,685.43","24.03M","1.38%"
"08/18/2023","12,716.35","12,833.57","12,848.33","12,688.67","23.54M","-0.91%"
"08/17/2023","12,833.57","12,983.12","12,996.20","12,817.55","17.24M","-1.15%"
"08/16/2023","12,983.12","13,067.87","13,096.87","12,949.42","21.51M","-0.65%"
"08/14/2023","13,067.87","13,072.33","13,098.56","13,054.02","9.94M","-0.03%"
"08/11/2023","13,072.33","13,039.50","13,093.82","13,034.68","9.39M","0.25%"
"08/10/2023","13,039.50","13,000.36","13,058.08","13,000.36","19.59M","0.30%"
"08/09/2023","13,000.36","13,079.92","13,121.16","13,000.36","33.85M","-0.61%"
"08/08/2023","13,079.92","13,126.15","13,178.69","13,062.77","15.64M","-0.35%"
"08/07/2023","13,126.15","13,111.25","13,130.29","13,083.75","9.12M","0.11%"
"08/04/2023","13,111.25","13,133.79","13,178.29","13,076.78","12.53M","-0.17%"
"08/03/2023","13,133.79","13,333.96","13,349.12","13,077.47","20.36M","-1.50%"
"08/02/2023","13,333.96","13,373.91","13,392.50","13,297.44","15.28M","-0.30%"
"08/01/2023","13,373.91","13,227.10","13,373.91","13,227.10","19.29M","1.11%"
"07/31/2023","13,227.10","13,244.23","13,358.46","13,227.10","22.72M","-0.13%"
"07/28/2023","13,244.23","13,229.13","13,248.89","13,188.01","39.06M","0.11%"
"07/27/2023","13,229.13","13,123.85","13,262.07","13,123.85","48.87M","0.80%"
"07/26/2023","13,123.85","13,183.95","13,198.11","13,116.79","19.01M","-0.46%"
"07/25/2023","13,183.95","13,118.39","13,183.95","13,036.17","20.35M","0.50%"
"07/24/2023","13,118.39","13,230.24","13,256.87","13,090.04","27.05M","-0.85%"
"07/21/2023","13,230.24","13,288.96","13,314.54","13,223.17","19.03M","-0.44%"
"07/20/2023","13,288.96","13,219.32","13,318.96","13,219.32","29.85M","0.53%"
"07/19/2023","13,219.32","13,156.96","13,241.51","13,150.09","31.94M","0.47%"
"07/18/2023","13,156.96","13,081.16","13,165.15","13,081.16","27.46M","0.58%"
"07/17/2023","13,081.16","13,061.38","13,123.34","13,061.38","19.54M","0.15%"
"07/14/2023","13,061.38","12,964.56","13,081.53","12,964.56","13.21M","0.75%"
"07/13/2023","12,964.56","12,997.20","13,186.30","12,964.56","50.23M","-0.25%"
"07/12/2023","12,997.20","12,814.18","13,200.14","12,814.18","26.46M","1.43%"
"07/11/2023","12,814.18","12,617.01","12,856.14","12,616.25","21.81M","1.56%"
"07/10/2023","12,617.01","12,639.57","12,700.54","12,571.92","34.47M","-0.18%"
"07/07/2023","12,639.57","12,659.58","12,773.22","12,639.57","26.90M","-0.16%"
"07/06/2023","12,659.58","12,834.76","12,949.29","12,644.27","47.49M","-1.36%"
"07/05/2023","12,834.76","12,560.63","12,840.20","12,519.04","61.92M","2.18%"
"07/04/2023","12,560.63","12,542.09","12,592.34","12,529.86","16.60M","0.15%"
"07/03/2023","12,542.09","12,483.34","12,597.65","12,483.34","28.10M","0.47%"
"06/30/2023","12,483.34","12,568.33","12,696.13","12,452.00","55.26M","-0.68%"
"06/29/2023","12,568.33","12,283.73","12,620.71","12,282.94","25.93M","2.32%"
"06/28/2023","12,283.73","12,089.90","12,301.57","12,089.14","19.81M","1.60%"
"06/27/2023","12,089.90","11,956.95","12,130.91","11,955.33","19.24M","1.11%"
"06/26/2023","11,956.95","11,998.90","12,050.05","11,951.93","10.04M","-0.35%"
"06/23/2023","11,998.90","12,109.19","12,109.19","11,899.81","15.93M","-0.91%"
"06/22/2023","12,109.19","12,205.72","12,255.83","12,109.19","2.12M","-0.79%"
"06/21/2023","12,205.72","12,275.79","12,305.65","12,205.72","18.10M","-0.57%"
"06/20/2023","12,275.79","12,349.67","12,359.94","12,256.35","6.22M","-0.60%"
"06/19/2023","12,349.67","12,266.68","12,349.67","12,244.34","8.51M","0.68%"
"06/16/2023","12,266.68","12,045.19","12,266.68","12,044.17","62.48M","1.84%"
"06/15/2023","12,045.19","12,049.05","12,108.89","12,030.89","10.27M","-0.03%"
"06/14/2023","12,049.05","12,006.24","12,072.79","11,992.05","14.86M","0.36%"
"06/13/2023","12,006.24","12,187.24","12,210.84","11,994.16","34.60M","-1.49%"
"06/12/2023","12,187.24","12,251.01","12,292.36","12,171.59","11.49M","-0.52%"
"06/09/2023","12,251.01","12,249.96","12,288.63","12,231.52","11.41M","0.01%"
"06/08/2023","12,249.96","12,178.04","12,269.12","12,178.04","12.06M","0.59%"
"06/07/2023","12,178.04","12,163.01","12,215.43","12,162.83","21.28M","0.12%"
"06/06/2023","12,163.01","12,133.87","12,195.28","12,133.87","17.84M","0.24%"
"06/02/2023","12,133.87","12,229.51","12,279.52","12,133.87","12.20M","-0.78%"
"05/31/2023","12,229.51","12,285.10","12,328.55","12,225.80","28.71M","-0.45%"
"05/30/2023","12,285.10","12,297.28","12,316.38","12,242.75","13.73M","-0.10%"
"05/29/2023","12,297.28","12,289.30","12,332.23","12,274.89","4.21M","0.06%"
"05/26/2023","12,289.30","12,183.68","12,294.41","12,169.07","12.08M","0.87%"
"05/25/2023","12,183.68","12,266.61","12,278.65","12,171.07","8.68M","-0.68%"
"05/24/2023","12,266.61","12,312.87","12,328.11","12,241.80","7.85M","-0.38%"
"05/23/2023","12,312.87","12,277.34","12,336.26","12,268.79","13.33M","0.29%"
"05/22/2023","12,277.34","12,290.04","12,325.46","12,265.17","7.96M","-0.10%"
"05/19/2023","12,290.04","12,248.65","12,298.87","12,247.50","8.92M","0.34%"
"05/18/2023","12,248.65","12,235.98","12,269.11","12,221.18","8.40M","0.10%"
"05/17/2023","12,235.98","12,147.52","12,237.86","12,135.22","7.59M","0.73%"
"05/16/2023","12,147.52","12,039.54","12,147.52","12,039.54","15.55M","0.90%"
"05/15/2023","12,039.54","12,039.62","12,081.69","12,012.35","22.73M","0.00%"
"05/12/2023","12,039.62","12,136.91","12,177.81","12,015.87","15.59M","-0.80%"
"05/11/2023","12,136.91","12,176.46","12,215.34","12,136.91","20.31M","-0.32%"
"05/10/2023","12,176.46","12,181.07","12,232.16","12,168.72","21.86M","-0.04%"
"05/09/2023","12,181.07","12,228.71","12,271.32","12,170.04","9.11M","-0.39%"
"05/08/2023","12,228.71","12,185.92","12,321.81","12,185.92","7.33M","0.35%"
"05/05/2023","12,185.92","12,158.77","12,205.41","12,157.10","19.09M","0.22%"
"05/04/2023","12,158.77","12,247.86","12,265.70","12,158.11","18.87M","-0.73%"
"05/03/2023","12,247.86","12,298.69","12,356.86","12,229.69","10.46M","-0.41%"
"05/02/2023","12,298.69","12,267.59","12,415.65","12,266.15","8.62M","0.25%"
"04/28/2023","12,267.59","12,318.55","12,360.52","12,267.59","6.68M","-0.41%"
"04/27/2023","12,318.55","12,380.17","12,423.43","12,317.03","10.28M","-0.50%"
"04/26/2023","12,380.17","12,450.96","12,459.47","12,369.63","15.18M","-0.57%"
"04/25/2023","12,450.96","12,438.71","12,450.96","12,400.73","21.83M","0.10%"
"04/24/2023","12,438.71","12,396.70","12,445.59","12,396.70","11.58M","0.34%"
"04/21/2023","12,396.70","12,425.83","12,437.94","12,380.06","7.39M","-0.23%"
"04/20/2023","12,425.83","12,467.08","12,494.15","12,395.67","15.99M","-0.33%"
"04/19/2023","12,467.08","12,497.96","12,526.91","12,464.39","9.49M","-0.25%"
"04/18/2023","12,497.96","12,459.85","12,519.69","12,459.85","14.07M","0.31%"
"04/13/2023","12,459.85","12,434.43","12,477.05","12,434.43","2.10M","0.20%"
"04/12/2023","12,434.43","12,446.02","12,471.23","12,402.83","10.18M","-0.09%"
"04/11/2023","12,446.02","12,425.29","12,460.17","12,411.70","10.67M","0.17%"
"04/10/2023","12,425.29","12,363.40","12,437.15","12,363.36","7.54M","0.50%"
"04/07/2023","12,363.40","12,332.67","12,404.38","12,332.67","7.34M","0.25%"
"04/06/2023","12,332.67","12,334.75","12,386.61","12,324.52","10.15M","-0.02%"
"04/05/2023","12,334.75","12,293.60","12,366.44","12,293.60","26.45M","0.33%"
"04/04/2023","12,293.60","12,232.26","12,306.81","12,232.26","17.29M","0.50%"
"04/03/2023","12,232.26","12,111.50","12,247.91","12,111.50","14.71M","1.00%"
"03/31/2023","12,111.50","12,041.50","12,143.54","12,041.50","9.39M","0.58%"
"03/30/2023","12,041.50","12,053.45","12,097.38","12,007.81","17.55M","-0.10%"
"03/29/2023","12,053.45","12,137.95","12,156.18","12,028.57","29.47M","-0.70%"
"03/28/2023","12,137.95","12,095.63","12,158.92","12,095.63","30.46M","0.35%"
"03/27/2023","12,095.63","11,989.90","12,113.05","11,989.74","9.20M","0.88%"
"03/24/2023","11,989.90","12,082.45","12,141.54","11,948.74","17.17M","-0.77%"
"03/23/2023","12,082.45","12,042.03","12,128.76","12,042.03","44.33M","0.34%"
"03/22/2023","12,042.03","12,086.31","12,132.93","11,994.29","30.48M","-0.37%"
"03/21/2023","12,086.31","12,053.59","12,155.74","12,053.59","21.82M","0.27%"
"03/20/2023","12,053.59","12,227.12","12,250.92","12,053.59","23.20M","-1.42%"
"03/17/2023","12,227.12","12,190.82","12,323.09","12,190.82","27.13M","0.30%"
"03/16/2023","12,190.82","12,215.86","12,339.72","12,190.82","28.43M","-0.20%"
"03/15/2023","12,215.86","12,421.84","12,511.04","12,199.20","29.81M","-1.66%"
"03/14/2023","12,421.84","12,255.19","12,425.86","12,223.94","26.95M","1.36%"
"03/13/2023","12,255.19","12,354.76","12,400.31","12,210.18","18.60M","-0.81%"
"03/10/2023","12,354.76","12,472.32","12,497.39","12,354.76","11.49M","-0.94%"
"03/09/2023","12,472.32","12,411.10","12,513.67","12,411.10","27.56M","0.49%"
"03/08/2023","12,411.10","12,432.08","12,441.62","12,344.08","21.46M","-0.17%"
"03/07/2023","12,432.08","12,482.55","12,505.81","12,413.56","17.76M","-0.40%"
"03/06/2023","12,482.55","12,393.06","12,484.34","12,393.06","14.74M","0.72%"
"03/03/2023","12,393.06","12,367.14","12,424.53","12,365.09","10.38M","0.21%"
"03/02/2023","12,367.14","12,314.14","12,393.60","12,314.14","18.72M","0.43%"
"03/01/2023","12,314.14","12,310.44","12,352.59","12,308.06","22.73M","0.03%"
"02/28/2023","12,310.44","12,307.51","12,339.82","12,283.15","50.46M","0.02%"
"02/27/2023","12,307.51","12,323.74","12,383.29","12,306.54","13.24M","-0.13%"
"02/24/2023","12,323.74","12,335.78","12,374.20","12,317.12","5.11M","-0.10%"
"02/23/2023","12,335.78","12,283.63","12,342.42","12,283.63","28.85M","0.42%"
"02/22/2023","12,283.63","12,346.62","12,386.32","12,260.40","14.83M","-0.51%"
"02/21/2023","12,346.62","12,354.51","12,405.38","12,333.35","5.08M","-0.06%"
"02/20/2023","12,354.51","12,317.06","12,378.60","12,317.06","5.77M","0.30%"
"02/17/2023","12,317.06","12,364.21","12,393.83","12,312.88","8.62M","-0.38%"
"02/16/2023","12,364.21","12,386.34","12,440.31","12,349.07","9.53M","-0.18%"
"02/15/2023","12,386.34","12,284.39","12,403.57","12,284.39","10.78M","0.83%"
"02/14/2023","12,284.39","12,336.14","12,363.55","12,284.39","10.03M","-0.42%"
"02/13/2023","12,336.14","12,251.01","12,336.14","12,251.01","27.53M","0.69%"
"02/10/2023","12,251.01","12,230.72","12,287.56","12,230.66","27.02M","0.17%"
"02/09/2023","12,230.72","12,244.99","12,277.16","12,189.37","44.86M","-0.12%"
"02/08/2023","12,244.99","12,339.29","12,368.30","12,221.45","48.11M","-0.76%"
"02/07/2023","12,339.29","12,284.63","12,397.01","12,284.63","27.92M","0.44%"
"02/06/2023","12,284.63","12,275.89","12,336.22","12,275.89","23.44M","0.07%"
"02/03/2023","12,275.89","12,260.18","12,299.80","12,260.18","16.24M","0.13%"
"02/02/2023","12,260.18","12,168.16","12,274.73","12,168.16","20.20M","0.76%"
"02/01/2023","12,168.16","12,139.42","12,222.55","12,139.42","19.07M","0.24%"
"01/31/2023","12,139.42","12,123.71","12,206.51","12,123.71","27.39M","0.13%"
"01/30/2023","12,123.71","12,185.79","12,208.91","12,062.23","15.71M","-0.51%"
"01/27/2023","12,185.79","12,228.21","12,249.61","12,166.22","34.58M","-0.35%"
"01/26/2023","12,228.21","12,182.86","12,249.84","12,182.86","7.91M","0.37%"
"01/25/2023","12,182.86","12,179.49","12,215.79","12,163.16","7.98M","0.03%"
"01/23/2023","12,179.49","12,075.72","12,183.35","12,075.72","11.82M","0.86%"
"01/20/2023","12,075.72","12,090.52","12,123.96","12,071.53","23.76M","-0.12%"
"01/19/2023","12,090.52","12,077.21","12,096.75","12,043.24","7.05M","0.11%"
"01/18/2023","12,077.21","11,959.91","12,139.77","11,959.91","8.29M","0.98%"
"01/17/2023","11,959.91","11,970.98","12,128.22","11,959.91","14.76M","-0.09%"
"01/16/2023","11,970.98","12,227.35","12,294.87","11,970.98","12.59M","-2.10%"
"01/13/2023","12,227.35","12,356.03","12,381.99","12,199.48","15.38M","-1.04%"
"01/12/2023","12,356.03","12,331.86","12,420.95","12,329.39","19.22M","0.20%"
"01/11/2023","12,331.86","12,244.17","12,351.63","12,243.98","24.98M","0.72%"
"01/10/2023","12,244.17","12,286.92","12,306.26","12,242.44","13.34M","-0.35%"
"01/09/2023","12,286.92","12,135.06","12,286.92","12,135.06","15.39M","1.25%"
"01/06/2023","12,135.06","12,169.44","12,190.09","12,106.50","16.30M","-0.28%"
"01/05/2023","12,169.44","12,065.04","12,177.77","12,065.04","16.22M","0.87%"
"01/04/2023","12,065.04","12,013.54","12,101.44","12,010.99","24.37M","0.43%"
"01/03/2023","12,013.54","11,663.53","12,041.42","11,640.40","77.84M","3.00%"
"12/30/2022","11,663.53","11,616.55","11,689.24","11,616.55","37.06M","0.40%"
"12/29/2022","11,616.55","11,729.05","11,778.00","11,602.59","82.99M","-0.96%"
"12/28/2022","11,729.05","12,182.86","12,182.86","11,729.05","230.81M","-3.72%"
"12/27/2022","12,182.86","12,147.12","12,204.86","12,139.93","24.03M","0.29%"
"12/23/2022","12,147.12","12,162.53","12,213.35","12,121.09","14.69M","-0.13%"
"12/22/2022","12,162.53","12,261.02","12,276.78","12,161.13","10.02M","-0.80%"
"12/21/2022","12,261.02","12,199.83","12,295.10","12,189.81","17.27M","0.50%"
"12/20/2022","12,199.83","12,100.72","12,199.83","12,053.64","65.65M","0.82%"
"12/19/2022","12,100.72","11,962.97","12,151.16","11,952.68","19.78M","1.15%"
"12/16/2022","11,962.97","11,914.53","11,975.46","11,896.86","22.32M","0.41%"
"12/15/2022","11,914.53","11,931.60","11,977.92","11,883.69","49.29M","-0.14%"
"12/14/2022","11,931.60","12,107.95","12,120.10","11,931.60","1.98B","-1.46%"
"12/13/2022","12,107.95","12,206.40","12,221.85","12,077.77","37.27M","-0.81%"
"12/12/2022","12,206.40","12,252.98","12,276.54","12,184.38","24.76M","-0.38%"
"12/09/2022","12,252.98","12,152.46","12,254.59","12,152.46","11.97M","0.83%"
"12/08/2022","12,152.46","12,228.85","12,298.60","12,142.76","20.41M","-0.62%"
"12/07/2022","12,228.85","12,306.27","12,345.76","12,163.24","23.68M","-0.63%"
"12/06/2022","12,306.27","12,119.15","12,315.50","12,119.15","27.23M","1.54%"
"12/05/2022","12,119.15","11,924.70","12,148.21","11,914.62","28.68M","1.63%"
"12/02/2022","11,924.70","11,730.66","11,952.05","11,729.52","203.04M","1.65%"
"11/29/2022","11,730.66","11,530.21","11,730.66","11,530.21","50.77M","1.74%"
"11/28/2022","11,530.21","11,569.94","11,607.11","11,508.10","13.09M","-0.34%"
"11/25/2022","11,569.94","11,575.78","11,659.30","11,569.94","13.72M","-0.05%"
"11/24/2022","11,575.78","11,563.50","11,619.83","11,553.52","13.18M","0.11%"
"11/23/2022","11,563.50","11,559.06","11,627.80","11,539.35","4.98M","0.04%"
"11/22/2022","11,559.06","11,690.03","11,733.16","11,522.40","5.56M","-1.12%"
"11/21/2022","11,690.03","11,681.25","11,760.76","11,665.17","6.34M","0.08%"
"11/18/2022","11,681.25","11,718.48","11,770.75","11,667.65","6.35M","-0.32%"
"11/17/2022","11,718.48","11,651.83","11,780.59","11,651.83","11.52M","0.57%"
"11/16/2022","11,651.83","11,656.53","11,813.31","11,611.02","17.66M","-0.04%"
"11/15/2022","11,656.53","11,625.07","11,679.25","11,568.49","10.67M","0.27%"
"11/14/2022","11,625.07","11,509.09","11,646.81","11,480.06","13.50M","1.01%"
"11/11/2022","11,509.09","11,397.81","11,567.24","11,397.81","9.67M","0.98%"
"11/10/2022","11,397.81","11,257.25","11,397.81","11,256.26","16.30M","1.25%"
"11/09/2022","11,257.25","11,233.07","11,289.52","11,167.68","8.83M","0.22%"
"11/08/2022","11,233.07","11,023.13","11,233.07","11,023.13","14.38M","1.90%"
"11/07/2022","11,023.13","10,890.38","11,087.90","10,890.38","11.76M","1.22%"
"11/04/2022","10,890.38","10,829.82","10,913.51","10,829.82","9.53M","0.56%"
"11/03/2022","10,829.82","10,875.83","10,898.66","10,817.43","22.55M","-0.42%"
"11/02/2022","10,875.83","10,834.90","10,926.28","10,834.90","9.24M","0.38%"
"11/01/2022","10,834.90","10,802.67","10,914.37","10,800.94","7.80M","0.30%"
"10/31/2022","10,802.67","10,835.92","10,965.94","10,802.67","31.84M","-0.31%"
"10/28/2022","10,835.92","10,799.78","10,926.26","10,799.78","15.15M","0.33%"
"10/27/2022","10,799.78","10,805.82","10,871.39","10,799.38","9.00M","-0.06%"
"10/26/2022","10,805.82","10,879.55","10,933.80","10,805.82","9.75M","-0.68%"
"10/25/2022","10,879.55","10,827.84","10,887.05","10,826.26","5.48M","0.48%"
"10/24/2022","10,827.84","10,875.61","10,970.54","10,824.94","6.39M","-0.44%"
"10/21/2022","10,875.61","10,845.05","10,905.47","10,843.43","3.90M","0.28%"
"10/20/2022","10,845.05","10,803.07","10,892.60","10,803.07","5.39M","0.39%"
"10/19/2022","10,803.07","10,953.44","11,033.82","10,797.35","6.16M","-1.37%"
"10/18/2022","10,953.44","10,786.70","11,015.05","10,786.70","16.45M","1.55%"
"10/17/2022","10,786.70","10,670.83","10,856.85","10,670.83","3.89M","1.09%"
"10/14/2022","10,670.83","10,546.34","10,769.65","10,544.61","7.95M","1.18%"
"10/13/2022","10,546.34","10,644.37","10,701.16","10,480.53","9.11M","-0.92%"
"10/12/2022","10,644.37","10,664.99","10,756.85","10,602.40","10.58M","-0.19%"
"10/11/2022","10,664.99","10,865.61","10,909.44","10,643.93","5.39M","-1.85%"
"10/10/2022","10,865.61","10,908.72","10,987.76","10,807.51","10.50M","-0.40%"
"10/07/2022","10,908.72","10,943.69","11,014.14","10,906.18","8.16M","-0.32%"
"10/06/2022","10,943.69","10,966.71","11,129.68","10,943.69","6.84M","-0.21%"
"10/05/2022","10,966.71","10,994.22","11,108.82","10,958.97","16.61M","-0.25%"
"10/04/2022","10,994.22","10,803.16","11,004.93","10,803.16","15.94M","1.77%"
"10/03/2022","10,803.16","10,639.41","10,811.71","10,639.24","59.05M","1.54%"
"09/30/2022","10,639.41","10,549.44","10,675.55","10,549.44","14.47M","0.85%"
"09/29/2022","10,549.44","10,669.33","10,831.74","10,549.44","15.16M","-1.12%"
"09/28/2022","10,669.33","10,773.48","10,808.53","10,606.46","87.00M","-0.97%"
"09/27/2022","10,773.48","10,622.15","10,860.20","10,622.15","32.59M","1.42%"
"09/26/2022","10,622.15","10,898.37","10,974.56","10,612.20","36.24M","-2.53%"
"09/23/2022","10,898.37","11,185.17","11,205.83","10,898.37","12.04M","-2.56%"
"09/22/2022","11,185.17","11,293.35","11,353.16","11,182.74","13.08M","-0.96%"
"09/21/2022","11,293.35","11,472.45","11,546.81","11,278.82","21.71M","-1.56%"
"09/20/2022","11,472.45","11,444.88","11,652.65","11,444.88","5.68M","0.24%"
"09/19/2022","11,444.88","11,753.71","11,798.62","11,444.88","18.13M","-2.63%"
"09/16/2022","11,753.71","11,805.50","11,890.96","11,710.82","23.98M","-0.44%"
"09/15/2022","11,805.50","11,836.38","11,890.93","11,805.50","28.18M","-0.26%"
"09/14/2022","11,836.38","11,924.88","11,926.08","11,836.38","26.27M","-0.74%"
"09/13/2022","11,924.88","11,881.08","11,944.58","11,876.27","29.33M","0.37%"
"09/12/2022","11,881.08","11,876.73","11,943.02","11,849.16","24.90M","0.04%"
"09/09/2022","11,876.73","11,894.18","11,986.20","11,823.90","10.46M","-0.15%"
"09/08/2022","11,894.18","11,928.73","12,032.87","11,885.31","16.53M","-0.29%"
"09/07/2022","11,928.73","12,055.22","12,080.68","11,928.73","8.61M","-1.05%"
"09/06/2022","12,055.22","11,993.36","12,132.56","11,993.36","10.12M","0.52%"
"09/05/2022","11,993.36","11,838.41","11,999.57","11,838.41","3.70M","1.31%"
"09/02/2022","11,838.41","11,867.68","11,940.92","11,813.07","18.84M","-0.25%"
"09/01/2022","11,867.68","12,058.08","12,073.74","11,867.68","15.93M","-1.58%"
"08/31/2022","12,058.08","12,184.82","12,247.50","12,058.08","18.95M","-1.04%"
"08/30/2022","12,184.82","12,190.46","12,258.35","12,181.61","10.57M","-0.05%"
"08/29/2022","12,190.46","12,337.04","12,341.99","12,171.67","4.09M","-1.19%"
"08/26/2022","12,337.04","12,297.24","12,385.71","12,297.24","4.95M","0.32%"
"08/25/2022","12,297.24","12,306.58","12,376.55","12,293.90","6.80M","-0.08%"
"08/24/2022","12,306.58","12,345.45","12,414.54","12,289.07","6.87M","-0.31%"
"08/23/2022","12,345.45","12,457.73","12,527.65","12,345.45","13.54M","-0.90%"
"08/22/2022","12,457.73","12,647.66","12,656.16","12,455.03","9.66M","-1.50%"
"08/19/2022","12,647.66","12,676.95","12,705.38","12,604.81","3.31M","-0.23%"
"08/18/2022","12,676.95","12,583.24","12,687.83","12,573.98","3.78M","0.74%"
"08/17/2022","12,583.24","12,648.65","12,691.67","12,574.19","12.87M","-0.52%"
"08/16/2022","12,648.65","12,631.92","12,690.98","12,631.92","12.22M","0.13%"
"08/12/2022","12,631.92","12,570.35","12,647.15","12,568.22","14.86M","0.49%"
"08/11/2022","12,570.35","12,424.57","12,599.24","12,424.57","17.67M","1.17%"
"08/10/2022","12,424.57","12,588.91","12,608.69","12,383.42","23.84M","-1.31%"
"08/09/2022","12,588.91","12,579.95","12,626.58","12,575.82","26.66M","0.07%"
"08/08/2022","12,579.95","12,577.79","12,630.96","12,560.15","29.24M","0.02%"
"08/05/2022","12,577.79","12,563.31","12,643.09","12,561.48","11.53M","0.12%"
"08/04/2022","12,563.31","12,476.59","12,599.55","12,476.59","16.19M","0.70%"
"08/03/2022","12,476.59","12,444.99","12,511.86","12,444.99","12.69M","0.25%"
"08/02/2022","12,444.99","12,528.55","12,565.44","12,434.09","16.89M","-0.67%"
"08/01/2022","12,528.55","12,460.07","12,552.39","12,460.07","26.54M","0.55%"
"07/29/2022","12,460.07","12,487.48","12,554.40","12,448.35","15.58M","-0.22%"
"07/28/2022","12,487.48","12,384.02","12,580.55","12,384.02","55.36M","0.84%"
"07/27/2022","12,384.02","12,244.40","12,455.34","12,244.40","30.54M","1.14%"
"07/26/2022","12,244.40","12,251.73","12,333.40","12,244.40","17.81M","-0.06%"
"07/25/2022","12,251.73","12,229.55","12,260.33","12,193.91","15.86M","0.18%"
"07/22/2022","12,229.55","12,151.07","12,245.02","12,131.94","17.61M","0.65%"
"07/21/2022","12,151.07","12,091.49","12,192.96","12,091.32","14.36M","0.49%"
"07/20/2022","12,091.49","12,073.84","12,146.72","12,072.54","21.56M","0.15%"
"07/19/2022","12,073.84","12,111.89","12,168.68","12,035.90","16.22M","-0.31%"
"07/18/2022","12,111.89","12,033.40","12,166.01","12,033.40","17.78M","0.65%"
"07/15/2022","12,033.40","11,918.04","12,082.04","11,917.86","36.95M","0.97%"
"07/14/2022","11,918.04","12,021.99","12,125.63","11,914.95","33.15M","-0.86%"
"07/13/2022","12,021.99","12,194.99","12,236.09","12,021.99","19.09M","-1.42%"
"07/12/2022","12,194.99","12,188.84","12,261.14","12,167.48","33.12M","0.05%"
"07/11/2022","12,188.84","12,252.06","12,259.50","12,170.30","16.00M","-0.52%"
"07/08/2022","12,252.06","12,299.42","12,316.13","12,220.45","21.94M","-0.39%"
"07/07/2022","12,299.42","12,286.03","12,382.44","12,283.05","25.13M","0.11%"
"07/06/2022","12,286.03","12,209.92","12,359.83","12,209.92","21.93M","0.62%"
"07/05/2022","12,209.92","12,368.83","12,462.65","12,206.51","56.28M","-1.28%"
"07/04/2022","12,368.83","12,375.32","12,488.56","12,353.88","47.17M","-0.05%"
"07/01/2022","12,375.32","12,294.26","12,429.75","12,294.26","14.37M","0.66%"
"06/30/2022","12,294.26","12,516.82","12,549.65","12,294.26","18.68M","-1.78%"
"06/29/2022","12,516.82","12,570.66","12,596.12","12,516.82","10.54M","-0.43%"
"06/28/2022","12,570.66","12,537.44","12,616.65","12,537.44","32.73M","0.26%"
"06/27/2022","12,537.44","12,432.80","12,606.39","12,432.80","21.28M","0.84%"
"06/24/2022","12,432.80","12,251.33","12,472.48","12,251.33","19.18M","1.48%"
"06/23/2022","12,251.33","12,300.72","12,363.33","12,235.77","11.07M","-0.40%"
"06/22/2022","12,300.72","12,377.09","12,432.96","12,264.38","15.23M","-0.62%"
"06/21/2022","12,377.09","12,325.80","12,420.53","12,325.80","7.66M","0.42%"
"06/20/2022","12,325.80","12,142.91","12,370.18","12,142.91","23.89M","1.51%"
"06/17/2022","12,142.91","12,065.95","12,178.91","12,065.95","23.46M","0.64%"
"06/16/2022","12,065.95","12,075.98","12,240.78","12,065.95","11.65M","-0.08%"
"06/15/2022","12,075.98","12,064.94","12,274.14","12,064.94","49.73M","0.09%"
"06/14/2022","12,064.94","12,354.35","12,355.73","12,037.29","14.35M","-2.34%"
"06/10/2022","12,354.35","12,480.00","12,514.08","12,351.52","13.08M","-1.01%"
"06/09/2022","12,480.00","12,455.69","12,536.18","12,453.34","12.67M","0.20%"
"06/08/2022","12,455.69","12,441.32","12,513.73","12,423.71","7.12M","0.12%"
"06/07/2022","12,441.32","12,368.40","12,460.25","12,368.40","29.20M","0.59%"
"06/06/2022","12,368.40","12,263.31","12,384.05","12,263.31","4.92M","0.86%"
"06/03/2022","12,263.31","12,380.64","12,397.33","12,250.46","9.52M","-0.95%"
"06/02/2022","12,380.64","12,509.77","12,526.86","12,346.33","17.80M","-1.03%"
"05/31/2022","12,509.77","12,460.05","12,535.85","12,459.02","22.46M","0.40%"
"05/30/2022","12,460.05","12,391.31","12,495.99","12,391.31","12.30M","0.55%"
"05/27/2022","12,391.31","12,323.91","12,464.87","12,323.91","14.41M","0.55%"
"05/26/2022","12,323.91","12,206.59","12,357.96","12,206.59","19.40M","0.96%"
"05/25/2022","12,206.59","12,253.17","12,364.02","12,204.61","21.63M","-0.38%"
"05/24/2022","12,253.17","12,182.33","12,315.47","12,182.33","31.13M","0.58%"
"05/23/2022","12,182.33","12,045.95","12,239.90","12,045.95","52.99M","1.13%"
"05/20/2022","12,045.95","11,975.77","12,088.28","11,975.77","12.89M","0.59%"
"05/19/2022","11,975.77","12,093.12","12,098.81","11,917.36","9.86M","-0.97%"
"05/18/2022","12,093.12","12,054.81","12,172.94","12,054.81","13.85M","0.32%"
"05/17/2022","12,054.81","12,098.92","12,232.02","12,034.79","20.64M","-0.36%"
"05/16/2022","12,098.92","12,133.16","12,249.72","12,094.78","10.75M","-0.28%"
"05/13/2022","12,133.16","12,062.72","12,205.97","12,032.38","21.43M","0.58%"
"05/12/2022","12,062.72","12,230.73","12,289.60","11,983.28","19.54M","-1.37%"
"05/11/2022","12,230.73","12,188.03","12,280.60","12,156.07","24.99M","0.35%"
"05/10/2022","12,188.03","12,224.84","12,351.41","12,165.31","29.57M","-0.30%"
"05/09/2022","12,224.84","12,269.64","12,310.82","12,153.83","14.08M","-0.37%"
"05/06/2022","12,269.64","12,453.52","12,455.59","12,269.64","19.42M","-1.48%"
"05/05/2022","12,453.52","12,445.70","12,645.96","12,422.52","11.63M","0.06%"
"05/04/2022","12,445.70","12,570.07","12,643.26","12,444.29","12.78M","-1.44%"
"05/02/2022","12,626.94","12,723.23","12,809.47","12,621.44","8.94M","-0.76%"
"04/29/2022","12,723.23","12,769.93","12,934.99","12,701.09","14.98M","-0.37%"
"04/28/2022","12,769.93","12,721.42","12,896.87","12,721.42","13.45M","0.38%"
"04/27/2022","12,721.42","12,679.29","12,818.03","12,679.29","8.63M","0.33%"
"04/26/2022","12,679.29","13,004.37","13,005.16","12,679.29","23.20M","-2.50%"
"04/21/2022","13,004.37","12,995.05","13,083.54","12,995.05","16.48M","0.07%"
"04/20/2022","12,995.05","12,988.58","13,067.75","12,988.58","16.06M","0.05%"
"04/19/2022","12,988.58","13,068.60","13,112.02","12,974.88","17.67M","-0.61%"
"04/18/2022","13,068.60","13,003.05","13,086.51","13,003.05","11.51M","0.50%"
"04/15/2022","13,003.05","12,845.83","13,020.03","12,845.83","6.36M","1.22%"
"04/14/2022","12,845.83","12,709.66","12,863.58","12,709.66","8.73M","1.07%"
"04/13/2022","12,709.66","12,618.36","12,712.37","12,618.36","8.13M","0.72%"
"04/12/2022","12,618.36","12,702.63","12,715.43","12,585.94","10.47M","-0.66%"
"04/11/2022","12,702.63","12,715.96","12,766.63","12,676.85","5.65M","-0.10%"
"04/08/2022","12,715.96","12,621.67","12,784.22","12,620.41","7.29M","0.75%"
"04/07/2022","12,621.67","12,726.48","12,789.07","12,603.13","6.13M","-0.82%"
"04/06/2022","12,726.48","12,849.04","12,900.29","12,709.48","12.57M","-0.95%"
"04/05/2022","12,849.04","12,848.36","12,974.33","12,814.66","13.93M","0.01%"
"04/04/2022","12,848.36","12,779.79","12,918.67","12,778.38","13.79M","0.54%"
"04/01/2022","12,779.79","12,712.06","12,848.90","12,691.36","8.55M","0.53%"
"03/31/2022","12,712.06","12,726.17","12,859.97","12,712.06","15.96M","-0.11%"
"03/30/2022","12,726.17","12,768.60","13,029.63","12,717.12","16.60M","-0.33%"
"03/29/2022","12,768.60","12,457.13","12,819.99","12,457.13","23.02M","2.50%"
"03/28/2022","12,457.13","12,412.43","12,527.54","12,412.43","41.97M","0.36%"
"03/25/2022","12,412.43","12,470.60","12,557.77","12,412.43","22.57M","-0.47%"
"03/24/2022","12,470.60","12,467.69","12,627.61","12,426.36","35.02M","0.02%"
"03/23/2022","12,467.69","12,739.12","12,801.94","12,467.69","31.00M","-2.13%"
"03/22/2022","12,739.12","12,690.95","12,819.57","12,690.95","18.38M","0.38%"
"03/21/2022","12,690.95","12,685.01","12,791.07","12,662.08","27.29M","0.05%"
"03/18/2022","12,685.01","12,480.13","12,693.41","12,480.13","91.06M","1.64%"
"03/17/2022","12,480.13","12,404.90","12,575.04","12,404.90","17.98M","0.61%"
"03/16/2022","12,404.90","12,317.26","12,530.42","12,317.26","13.10M","0.71%"
"03/15/2022","12,317.26","12,330.48","12,343.30","12,151.07","11.53M","-0.11%"
"03/14/2022","12,330.48","12,075.13","12,396.49","12,075.13","18.74M","2.11%"
"03/11/2022","12,075.13","11,921.85","12,206.67","11,870.11","25.54M","1.29%"
"03/10/2022","11,921.85","11,982.26","12,385.72","11,909.07","34.58M","-0.50%"
"03/09/2022","11,982.26","11,208.12","11,985.98","11,208.12","41.46M","6.91%"
"03/08/2022","11,208.12","10,964.17","11,499.07","10,915.76","37.91M","2.22%"
"03/07/2022","10,964.17","11,395.60","11,395.60","10,645.71","42.89M","-3.79%"
"03/04/2022","11,395.60","12,040.01","12,046.76","11,369.30","48.37M","-5.35%"
"03/03/2022","12,040.01","12,084.28","12,414.51","12,040.01","27.15M","-0.37%"
"03/02/2022","12,084.28","12,482.78","12,502.22","12,082.88","70.48M","-3.19%"
"03/01/2022","12,482.78","12,716.51","12,820.51","12,482.78","54.26M","-1.84%"
"02/28/2022","12,716.51","12,891.69","12,936.18","12,644.18","38.77M","-1.36%"
"02/25/2022","12,891.69","12,663.78","13,028.31","12,663.78","32.78M","1.80%"
"02/24/2022","12,663.78","13,202.52","13,202.52","12,522.74","65.52M","-4.08%"
"02/23/2022","13,202.52","13,007.09","13,227.45","13,007.09","56.67M","1.50%"
"02/22/2022","13,007.09","12,977.85","13,049.91","12,631.83","48.20M","0.23%"
"02/21/2022","12,977.85","13,187.59","13,239.75","12,970.00","14.26M","-1.59%"
"02/18/2022","13,187.59","13,139.68","13,294.69","13,139.68","4.17M","0.36%"
"02/17/2022","13,139.68","13,321.69","13,439.64","13,139.68","8.45M","-1.37%"
"02/16/2022","13,321.69","13,386.43","13,540.44","13,321.69","7.76M","-0.48%"
"02/15/2022","13,386.43","13,104.70","13,407.12","13,043.64","21.50M","2.15%"
"02/14/2022","13,104.70","13,373.88","13,373.88","12,924.27","36.61M","-2.01%"
"02/11/2022","13,373.88","13,439.12","13,439.12","13,318.87","12.58M","-0.49%"
"02/10/2022","13,439.12","13,397.25","13,511.32","13,397.25","32.54M","0.31%"
"02/09/2022","13,397.25","13,370.53","13,486.27","13,370.53","40.47M","0.20%"
"02/08/2022","13,370.53","13,376.56","13,418.14","13,357.61","32.28M","-0.05%"
"02/07/2022","13,376.56","13,386.16","13,479.79","13,365.21","22.69M","-0.07%"
"02/04/2022","13,386.16","13,396.47","13,486.34","13,380.65","10.16M","-0.08%"
"02/03/2022","13,396.47","13,446.64","13,570.38","13,368.82","35.17M","-0.37%"
"02/02/2022","13,446.64","13,412.72","13,556.27","13,412.72","14.53M","0.25%"
"02/01/2022","13,412.72","13,190.07","13,452.04","13,190.07","20.82M","1.69%"
"01/31/2022","13,190.07","13,100.12","13,287.61","13,100.12","16.73M","0.69%"
"01/28/2022","13,100.12","13,019.57","13,185.22","13,019.57","16.11M","0.62%"
"01/27/2022","13,019.57","13,018.82","13,042.91","12,864.38","12.84M","0.01%"
"01/26/2022","13,018.82","12,732.61","13,111.41","12,732.61","27.66M","2.25%"
"01/25/2022","12,732.61","12,838.37","12,838.37","12,377.08","74.20M","-0.82%"
"01/21/2022","12,838.37","13,136.96","13,145.05","12,767.35","2.31B","-2.27%"
"01/20/2022","13,136.96","13,128.23","13,205.71","13,048.50","45.77M","0.07%"
"01/19/2022","13,128.23","13,284.79","13,285.50","13,052.33","27.55M","-1.18%"
"01/18/2022","13,284.79","13,481.57","13,575.82","13,279.05","17.05M","-1.46%"
"01/17/2022","13,481.57","13,681.92","13,921.20","13,468.82","26.05M","-1.46%"
"01/14/2022","13,681.92","13,455.47","13,735.01","13,453.05","16.66M","1.68%"
"01/13/2022","13,455.47","13,447.48","13,569.46","13,447.48","46.51M","0.06%"
"01/12/2022","13,447.48","13,274.84","13,537.64","13,271.77","35.66M","1.30%"
"01/11/2022","13,274.84","13,223.78","13,319.52","13,211.51","16.21M","0.39%"
"01/10/2022","13,223.78","13,156.95","13,237.25","13,156.95","8.92M","0.51%"
"01/07/2022","13,156.95","13,112.56","13,219.29","13,112.56","8.54M","0.34%"
"01/06/2022","13,112.56","13,187.28","13,188.29","12,986.45","11.77M","-0.57%"
"01/05/2022","13,187.28","13,141.85","13,245.64","13,141.85","11.82M","0.35%"
"01/04/2022","13,141.85","13,057.22","13,153.30","13,056.51","6.71M","0.65%"
"01/03/2022","13,057.22","13,061.32","13,117.05","13,037.03","10.55M","-0.03%"
"12/30/2021","13,061.32","13,068.03","13,111.91","13,016.58","12.20M","-0.05%"
"12/29/2021","13,068.03","13,015.33","13,123.31","13,015.33","11.25M","0.40%"
"12/28/2021","13,015.33","12,808.74","13,064.21","12,808.74","14.20M","1.61%"
"12/27/2021","12,808.74","12,591.82","12,826.32","12,591.82","11.43M","1.72%"
"12/23/2021","12,591.82","12,478.43","12,658.19","12,478.43","16.68M","0.91%"
"12/22/2021","12,478.43","12,349.32","12,485.34","12,349.32","14.18M","1.05%"
"12/21/2021","12,349.32","12,390.61","12,448.46","12,349.32","5.25M","-0.33%"
"12/20/2021","12,390.61","12,478.10","12,478.77","12,278.90","9.15M","-0.70%"
"12/17/2021","12,478.10","12,402.76","12,486.36","12,341.47","27.87M","0.61%"
"12/16/2021","12,402.76","12,203.83","12,453.34","12,203.83","27.61M","1.63%"
"12/15/2021","12,203.83","12,316.84","12,396.40","12,184.49","16.24M","-0.92%"
"12/14/2021","12,316.84","12,410.65","12,480.82","12,315.52","12.04M","-0.76%"
"12/13/2021","12,410.65","12,531.45","12,624.17","12,405.31","9.79M","-0.96%"
"12/10/2021","12,531.45","12,587.69","12,655.31","12,519.80","12.66M","-0.45%"
"12/09/2021","12,587.69","12,598.44","12,669.76","12,563.47","7.19M","-0.09%"
"12/08/2021","12,598.44","12,519.27","12,712.15","12,518.47","15.63M","0.63%"
"12/07/2021","12,519.27","12,448.01","12,572.54","12,439.03","10.24M","0.57%"
"12/06/2021","12,448.01","12,379.50","12,514.80","12,379.50","10.96M","0.55%"
"12/03/2021","12,379.50","12,207.91","12,423.75","12,207.71","21.37M","1.41%"
"12/02/2021","12,207.91","12,195.61","12,332.88","12,154.43","28.19M","0.10%"
"11/29/2021","12,195.61","12,177.22","12,280.34","12,050.09","49.77M","0.15%"
"11/26/2021","12,177.22","12,607.30","12,608.03","12,177.22","18.55M","-3.41%"
"11/25/2021","12,607.30","12,536.25","12,660.24","12,529.69","13.32M","0.57%"
"11/24/2021","12,536.25","12,473.42","12,591.59","12,458.06","10.17M","0.50%"
"11/23/2021","12,473.42","12,623.61","12,664.01","12,453.79","42.39M","-1.19%"
"11/22/2021","12,623.61","12,559.61","12,721.36","12,559.61","16.47M","0.51%"
"11/19/2021","12,559.61","12,752.02","12,758.51","12,519.16","15.15M","-1.51%"
"11/18/2021","12,752.02","12,763.40","12,827.55","12,750.71","15.05M","-0.09%"
"11/17/2021","12,763.40","12,828.21","12,902.80","12,763.40","10.81M","-0.51%"
"11/16/2021","12,828.21","12,832.89","12,936.80","12,827.84","10.60M","-0.04%"
"11/15/2021","12,832.89","12,833.40","12,940.13","12,832.89","9.85M","0.00%"
"11/12/2021","12,833.40","12,782.64","12,853.01","12,782.64","17.12M","0.40%"
"11/11/2021","12,782.64","12,779.74","12,838.01","12,772.51","11.12M","0.02%"
"11/10/2021","12,779.74","12,847.75","12,875.89","12,779.74","30.28M","-0.53%"
"11/09/2021","12,847.75","12,860.05","12,903.47","12,817.30","14.42M","-0.10%"
"11/08/2021","12,860.05","12,874.81","12,924.21","12,860.05","35.98M","-0.11%"
"11/05/2021","12,874.81","12,884.30","12,930.94","12,874.81","18.36M","-0.07%"
"11/04/2021","12,884.30","12,825.46","12,941.62","12,821.66","17.79M","0.46%"
"11/03/2021","12,825.46","12,726.37","12,838.44","12,726.37","16.43M","0.78%"
"11/02/2021","12,726.37","12,714.70","12,778.95","12,701.22","28.41M","0.09%"
"11/01/2021","12,714.70","12,605.09","12,792.43","12,605.09","23.07M","0.87%"
"10/29/2021","12,605.09","12,795.26","12,835.70","12,605.09","47.52M","-1.49%"
"10/28/2021","12,795.26","12,748.97","12,840.08","12,748.97","35.72M","0.36%"
"10/27/2021","12,748.97","12,735.36","12,827.10","12,712.30","43.89M","0.11%"
"10/26/2021","12,735.36","12,807.55","12,822.29","12,730.39","35.27M","-0.56%"
"10/25/2021","12,807.55","12,812.97","12,905.78","12,795.22","32.33M","-0.04%"
"10/22/2021","12,812.97","12,751.15","12,839.02","12,743.47","12.59M","0.48%"
"10/21/2021","12,751.15","12,750.30","12,860.81","12,738.20","20.65M","0.01%"
"10/20/2021","12,750.30","12,668.55","12,755.10","12,668.55","24.23M","0.65%"
"10/19/2021","12,668.55","12,669.78","12,702.81","12,636.01","24.22M","-0.01%"
"10/18/2021","12,669.78","12,711.06","12,779.43","12,662.67","17.02M","-0.32%"
"10/15/2021","12,711.06","12,727.40","12,782.72","12,711.06","18.97M","-0.13%"
"10/14/2021","12,727.40","12,745.39","12,797.77","12,710.64","13.90M","-0.14%"
"10/13/2021","12,745.39","12,738.30","12,795.73","12,709.31","7.80M","0.06%"
"10/12/2021","12,738.30","12,801.95","12,840.45","12,738.30","18.12M","-0.50%"
"10/11/2021","12,801.95","12,817.57","12,884.78","12,801.95","21.05M","-0.12%"
"10/08/2021","12,817.57","12,743.60","12,817.82","12,743.60","8.83M","0.58%"
"10/07/2021","12,743.60","12,633.72","12,761.43","12,623.36","36.64M","0.87%"
"10/06/2021","12,633.72","12,613.43","12,648.48","12,611.97","8.71M","0.16%"
"10/05/2021","12,613.43","12,611.18","12,677.80","12,606.19","34.66M","0.02%"
"10/04/2021","12,611.18","12,633.19","12,679.35","12,590.58","9.21M","-0.17%"
"10/01/2021","12,633.19","12,645.10","12,674.79","12,503.82","48.46M","-0.09%"
"09/30/2021","12,645.10","12,615.46","12,654.80","12,583.96","72.12M","0.23%"
"09/29/2021","12,615.46","12,522.92","12,629.19","12,513.30","11.96M","0.74%"
"09/28/2021","12,522.92","12,510.26","12,611.59","12,485.38","25.79M","0.10%"
"09/27/2021","12,510.26","12,440.96","12,545.24","12,440.96","24.55M","0.56%"
"09/24/2021","12,440.96","12,395.28","12,519.36","12,394.68","30.06M","0.37%"
"09/23/2021","12,395.28","12,301.14","12,428.64","12,301.14","19.11M","0.77%"
"09/22/2021","12,301.14","12,356.90","12,380.87","12,284.74","23.46M","-0.45%"
"09/21/2021","12,356.90","12,220.99","12,372.75","12,212.69","12.32M","1.11%"
"09/20/2021","12,220.99","12,315.77","12,361.03","12,144.40","20.17M","-0.77%"
"09/17/2021","12,315.77","12,265.25","12,334.23","12,223.61","335.68M","0.41%"
"09/16/2021","12,265.25","12,288.12","12,385.12","12,262.90","42.19M","-0.19%"
"09/15/2021","12,288.12","12,374.08","12,455.37","12,282.81","24.44M","-0.69%"
"09/14/2021","12,374.08","12,327.58","12,401.11","12,266.79","14.11M","0.38%"
"09/13/2021","12,327.58","12,402.43","12,458.43","12,310.26","16.69M","-0.60%"
"09/10/2021","12,402.43","12,430.31","12,462.78","12,371.60","15.09M","-0.22%"
"09/09/2021","12,430.31","12,346.71","12,430.31","12,326.74","26.87M","0.68%"
"09/08/2021","12,346.71","12,341.58","12,383.48","12,299.51","23.90M","0.04%"
"09/07/2021","12,341.58","12,356.75","12,440.64","12,313.86","22.55M","-0.12%"
"09/06/2021","12,356.75","12,313.36","12,385.97","12,292.83","17.67M","0.35%"
"09/03/2021","12,313.36","12,255.27","12,366.03","12,248.99","39.84M","0.47%"
"09/02/2021","12,255.27","12,302.26","12,330.49","12,248.92","10.32M","-0.38%"
"09/01/2021","12,302.26","12,177.31","12,379.87","12,177.31","29.47M","1.03%"
"08/31/2021","12,177.31","12,463.67","12,489.58","12,177.31","29.64M","-2.30%"
"08/30/2021","12,463.67","12,389.58","12,477.01","12,379.76","30.00M","0.60%"
"08/27/2021","12,389.58","12,317.06","12,432.75","12,306.43","18.60M","0.59%"
"08/26/2021","12,317.06","12,274.70","12,352.76","12,273.77","30.45M","0.35%"
"08/25/2021","12,274.70","12,199.46","12,375.63","12,199.46","49.45M","0.62%"
"08/24/2021","12,199.46","12,167.22","12,255.00","12,157.29","51.37M","0.26%"
"08/23/2021","12,167.22","12,085.60","12,244.97","12,085.60","58.38M","0.68%"
"08/20/2021","12,085.60","12,054.64","12,107.32","12,049.74","7.55M","0.26%"
"08/19/2021","12,054.64","12,138.17","12,167.23","12,032.44","7.53M","-0.69%"
"08/18/2021","12,138.17","12,125.10","12,165.91","12,108.63","7.52M","0.11%"
"08/17/2021","12,125.10","12,141.13","12,153.95","12,091.08","14.86M","-0.13%"
"08/16/2021","12,141.13","12,136.73","12,178.67","12,120.70","7.58M","0.04%"
"08/13/2021","12,136.73","12,116.93","12,156.20","12,116.02","9.80M","0.16%"
"08/12/2021","12,116.93","12,101.23","12,190.07","12,101.23","10.84M","0.13%"
"08/11/2021","12,101.23","12,047.24","12,128.31","12,045.69","37.04M","0.45%"
"08/10/2021","12,047.24","11,896.46","12,078.68","11,896.46","22.07M","1.27%"
"08/09/2021","11,896.46","11,828.27","11,936.55","11,828.27","21.81M","0.58%"
"08/06/2021","11,828.27","11,763.47","11,887.75","11,763.47","6.41M","0.55%"
"08/05/2021","11,763.47","11,802.49","11,816.42","11,733.04","12.17M","-0.33%"
"08/04/2021","11,802.49","11,811.33","11,892.59","11,796.96","19.14M","-0.07%"
"08/03/2021","11,811.33","11,859.00","11,950.69","11,811.33","7.71M","-0.40%"
"08/02/2021","11,859.00","11,848.61","11,957.96","11,848.61","14.54M","0.09%"
"07/30/2021","11,848.61","11,874.76","11,900.02","11,847.30","12.83M","-0.22%"
"07/29/2021","11,874.76","11,809.43","11,874.76","11,799.41","17.19M","0.55%"
"07/28/2021","11,809.43","11,887.90","11,934.60","11,791.81","19.60M","-0.66%"
"07/27/2021","11,887.90","11,964.20","11,976.11","11,887.90","10.37M","-0.64%"
"07/26/2021","11,964.20","11,908.69","11,974.42","11,906.29","4.92M","0.47%"
"07/23/2021","11,908.69","11,902.93","11,935.93","11,874.95","6.92M","0.05%"
"07/22/2021","11,902.93","11,913.24","11,955.34","11,868.75","13.62M","-0.09%"
"07/21/2021","11,913.24","11,859.92","11,930.95","11,859.07","6.78M","0.45%"
"07/20/2021","11,859.92","11,845.54","11,922.41","11,835.74","8.09M","0.12%"
"07/19/2021","11,845.54","12,026.80","12,046.05","11,831.14","9.80M","-1.51%"
"07/16/2021","12,026.80","12,025.00","12,072.74","12,002.31","8.46M","0.01%"
"07/15/2021","12,025.00","12,055.03","12,141.65","12,013.54","12.19M","-0.25%"
"07/14/2021","12,055.03","12,006.24","12,080.15","11,994.03","6.90M","0.41%"
"07/13/2021","12,006.24","11,967.80","12,013.66","11,941.14","10.31M","0.32%"
"07/12/2021","11,967.80","11,870.90","11,967.80","11,837.92","14.27M","0.82%"
"07/09/2021","11,870.90","11,874.66","11,926.36","11,868.02","20.42M","-0.03%"
"07/08/2021","11,874.66","11,933.74","11,981.39","11,854.36","14.05M","-0.50%"
"07/07/2021","11,933.74","11,964.85","11,996.54","11,926.25","9.30M","-0.26%"
"07/06/2021","11,964.85","11,895.89","11,991.45","11,895.74","9.83M","0.58%"
"07/05/2021","11,895.89","11,830.90","11,926.81","11,830.90","8.81M","0.55%"
"07/02/2021","11,830.90","11,937.05","11,996.23","11,826.37","11.39M","-0.89%"
"07/01/2021","11,937.05","11,873.03","11,975.43","11,873.03","16.02M","0.54%"
"06/30/2021","11,873.03","11,909.36","11,969.03","11,858.90","10.24M","-0.31%"
"06/29/2021","11,909.36","11,967.28","12,032.57","11,909.36","14.31M","-0.48%"
"06/28/2021","11,967.28","11,875.16","12,018.23","11,875.16","15.69M","0.78%"
"06/25/2021","11,875.16","11,686.38","11,879.53","11,686.38","28.08M","1.62%"
"06/24/2021","11,686.38","11,592.74","11,743.58","11,590.13","20.61M","0.81%"
"06/23/2021","11,592.74","11,409.11","11,606.99","11,409.11","23.25M","1.61%"
"06/22/2021","11,409.11","11,608.18","11,677.09","11,409.11","24.53M","-1.71%"
"06/18/2021","11,608.18","11,657.26","11,708.91","11,576.83","5.69M","-0.42%"
"06/17/2021","11,657.26","11,596.38","11,685.81","11,593.69","4.69M","0.52%"
"06/16/2021","11,596.38","11,614.88","11,700.02","11,595.57","30.13M","-0.16%"
"06/15/2021","11,614.88","11,568.09","11,637.86","11,562.73","8.71M","0.40%"
"06/14/2021","11,568.09","11,520.46","11,575.46","11,508.38","8.81M","0.41%"
"06/11/2021","11,520.46","11,365.47","11,541.40","11,365.47","12.10M","1.36%"
"06/10/2021","11,365.47","11,359.13","11,455.15","11,359.13","47.75M","0.06%"
"06/09/2021","11,359.13","11,317.40","11,408.01","11,317.40","10.22M","0.37%"
"06/08/2021","11,317.40","11,264.75","11,387.50","11,264.75","17.65M","0.47%"
"06/07/2021","11,264.75","11,517.63","11,548.46","11,264.75","19.76M","-2.20%"
"06/04/2021","11,517.63","11,604.44","11,678.22","11,517.63","8.38M","-0.75%"
"06/03/2021","11,604.44","11,582.46","11,662.78","11,568.12","17.17M","0.19%"
"06/02/2021","11,582.46","11,431.12","11,615.31","11,431.12","14.23M","1.32%"
"05/31/2021","11,431.12","11,421.04","11,535.55","11,420.43","10.10M","0.09%"
"05/28/2021","11,421.04","11,304.51","11,483.24","11,304.51","18.98M","1.03%"
"05/27/2021","11,304.51","11,605.80","11,655.04","11,304.51","30.38M","-2.60%"
"05/26/2021","11,605.80","11,636.43","11,770.40","11,597.27","14.85M","-0.26%"
"05/25/2021","11,636.43","11,730.52","11,775.06","11,634.94","18.83M","-0.80%"
"05/24/2021","11,730.52","11,679.65","11,742.01","11,645.91","11.59M","0.44%"
"05/21/2021","11,679.65","11,624.83","11,682.34","11,624.83","17.78M","0.47%"
"05/20/2021","11,624.83","11,607.74","11,660.55","11,579.00","11.20M","0.15%"
"05/19/2021","11,607.74","11,642.16","11,700.65","11,607.74","11.80M","-0.30%"
"05/18/2021","11,642.16","11,600.63","11,678.52","11,600.63","12.69M","0.36%"
"05/17/2021","11,600.63","11,593.49","11,640.88","11,593.49","10.05M","0.06%"
"05/14/2021","11,593.49","11,616.88","11,617.61","11,572.86","17.58M","-0.20%"
"05/13/2021","11,616.88","11,763.07","11,763.07","11,546.90","24.02M","-1.24%"
"05/12/2021","11,763.07","11,695.86","11,773.68","11,660.26","19.48M","0.57%"
"05/11/2021","11,695.86","11,669.02","11,696.13","11,632.96","17.03M","0.23%"
"05/10/2021","11,669.02","11,591.48","11,692.63","11,591.48","23.83M","0.67%"
"05/07/2021","11,591.48","11,505.08","11,601.78","11,505.08","23.83M","0.75%"
"05/06/2021","11,505.08","11,560.75","11,609.78","11,499.89","16.18M","-0.48%"
"05/05/2021","11,560.75","11,462.30","11,569.92","11,462.30","16.47M","0.86%"
"05/04/2021","11,462.30","11,342.04","11,576.74","11,342.04","23.41M","1.06%"
"04/29/2021","11,342.04","11,398.47","11,492.10","11,342.04","39.72M","-0.50%"
"04/28/2021","11,398.47","11,324.71","11,402.58","11,297.56","18.10M","0.65%"
"04/27/2021","11,324.71","11,213.75","11,327.74","11,213.75","32.30M","0.99%"
"04/26/2021","11,213.75","11,212.82","11,257.17","11,201.21","16.17M","0.01%"
"04/23/2021","11,212.82","11,129.98","11,214.20","11,129.98","32.35M","0.74%"
"04/22/2021","11,129.98","11,093.29","11,151.19","11,093.29","20.40M","0.33%"
"04/21/2021","11,093.29","11,137.75","11,170.11","11,093.29","4.88M","-0.40%"
"04/20/2021","11,137.75","11,103.96","11,169.02","11,089.59","9.33M","0.30%"
"04/19/2021","11,103.96","11,147.32","11,219.91","11,103.96","12.43M","-0.39%"
"04/16/2021","11,147.32","11,120.99","11,200.84","11,120.99","4.62M","0.24%"
"04/15/2021","11,120.99","11,133.46","11,169.73","11,116.54","10.21M","-0.11%"
"04/14/2021","11,133.46","11,158.52","11,197.22","11,128.52","12.07M","-0.22%"
"04/13/2021","11,158.52","11,224.08","11,247.55","11,155.23","13.25M","-0.58%"
"04/12/2021","11,224.08","11,242.28","11,269.11","11,213.14","16.78M","-0.16%"
"04/09/2021","11,242.28","11,206.79","11,256.73","11,206.79","8.47M","0.32%"
"04/08/2021","11,206.79","11,243.97","11,271.16","11,203.74","6.28M","-0.33%"
"04/07/2021","11,243.97","11,245.00","11,286.27","11,221.73","19.46M","-0.01%"
"04/06/2021","11,245.00","11,273.23","11,301.23","11,233.06","14.33M","-0.25%"
"04/05/2021","11,273.23","11,302.27","11,330.42","11,273.23","6.20M","-0.26%"
"04/02/2021","11,302.27","11,335.48","11,359.64","11,279.41","4.21M","-0.29%"
"04/01/2021","11,335.48","11,189.60","11,340.52","11,189.60","14.08M","1.30%"
"03/31/2021","11,189.60","11,097.03","11,202.97","11,086.32","19.75M","0.83%"
"03/30/2021","11,097.03","10,970.96","11,097.03","10,970.96","17.50M","1.15%"
"03/29/2021","10,970.96","10,961.65","10,996.71","10,927.61","16.69M","0.08%"
"03/26/2021","10,961.65","10,949.06","10,970.43","10,901.68","12.48M","0.11%"
"03/25/2021","10,949.06","10,851.60","10,972.78","10,836.99","25.51M","0.90%"
"03/24/2021","10,851.60","10,864.39","10,874.02","10,821.54","21.82M","-0.12%"
"03/23/2021","10,864.39","10,882.98","10,902.14","10,841.93","12.49M","-0.17%"
"03/22/2021","10,882.98","10,874.42","10,915.20","10,837.44","10.83M","0.08%"
"03/19/2021","10,874.42","10,846.64","10,892.63","10,784.93","20.16M","0.26%"
"03/18/2021","10,846.64","10,810.53","10,883.56","10,796.00","22.94M","0.33%"
"03/17/2021","10,810.53","10,844.45","10,847.97","10,781.48","28.24M","-0.31%"
"03/16/2021","10,844.45","10,783.89","10,844.45","10,753.75","31.95M","0.56%"
"03/15/2021","10,783.89","10,742.75","10,817.00","10,742.55","21.15M","0.38%"
"03/12/2021","10,742.75","10,723.45","10,759.78","10,686.10","22.70M","0.18%"
"03/11/2021","10,723.45","10,595.79","10,729.38","10,595.79","20.97M","1.20%"
"03/10/2021","10,595.79","10,612.92","10,658.55","10,589.18","29.04M","-0.16%"
"03/09/2021","10,612.92","10,566.40","10,616.29","10,513.32","52.21M","0.44%"
"03/08/2021","10,566.40","10,499.87","10,583.62","10,479.85","43.94M","0.63%"
"03/05/2021","10,499.87","10,340.80","10,526.41","10,340.80","23.38M","1.54%"
"03/04/2021","10,340.80","10,250.34","10,349.30","10,250.34","5.72M","0.88%"
"03/03/2021","10,250.34","10,215.96","10,291.21","10,201.86","18.06M","0.34%"
"03/02/2021","10,215.96","10,230.37","10,280.70","10,208.96","16.04M","-0.14%"
"03/01/2021","10,230.37","10,201.85","10,280.79","10,201.85","6.55M","0.28%"
"02/26/2021","10,201.85","10,279.82","10,283.62","10,201.85","11.76M","-0.76%"
"02/25/2021","10,279.82","10,188.98","10,311.09","10,188.44","13.32M","0.89%"
"02/24/2021","10,188.98","10,231.45","10,290.32","10,188.98","18.11M","-0.42%"
"02/23/2021","10,231.45","10,260.09","10,318.20","10,201.74","38.67M","-0.28%"
"02/22/2021","10,260.09","10,345.95","10,373.93","10,257.93","20.78M","-0.83%"
"02/19/2021","10,345.95","10,416.48","10,463.96","10,341.89","28.88M","-0.68%"
"02/18/2021","10,416.48","10,426.14","10,475.82","10,405.81","19.36M","-0.09%"
"02/17/2021","10,426.14","10,535.50","10,589.01","10,426.14","28.41M","-1.04%"
"02/16/2021","10,535.50","10,500.70","10,599.97","10,499.61","32.89M","0.33%"
"02/15/2021","10,500.70","10,492.21","10,543.78","10,442.83","14.24M","0.08%"
"02/12/2021","10,492.21","10,553.67","10,572.72","10,441.00","28.73M","-0.58%"
"02/11/2021","10,553.67","10,577.65","10,591.37","10,511.08","22.58M","-0.23%"
"02/10/2021","10,577.65","10,688.45","10,716.42","10,504.11","19.84M","-1.04%"
"02/09/2021","10,688.45","10,677.87","10,789.15","10,658.29","21.94M","0.10%"
"02/08/2021","10,677.87","10,614.85","10,684.96","10,614.85","18.29M","0.59%"
"02/05/2021","10,614.85","10,504.65","10,614.85","10,504.30","16.83M","1.05%"
"02/04/2021","10,504.65","10,390.68","10,508.81","10,390.68","19.29M","1.10%"
"02/03/2021","10,390.68","10,390.80","10,434.08","10,356.90","17.95M","0.00%"
"02/02/2021","10,390.80","10,392.06","10,433.55","10,388.30","14.30M","-0.01%"
"02/01/2021","10,392.06","10,306.47","10,407.05","10,306.47","16.12M","0.83%"
"01/29/2021","10,306.47","10,307.95","10,360.98","10,289.87","4.62M","-0.01%"
"01/28/2021","10,307.95","10,322.04","10,348.32","10,230.25","4.96M","-0.14%"
"01/27/2021","10,322.04","10,341.02","10,375.77","10,303.70","17.24M","-0.18%"
"01/26/2021","10,341.02","10,321.38","10,341.02","10,251.32","14.92M","0.19%"
"01/25/2021","10,321.38","10,335.95","10,354.23","10,286.20","15.65M","-0.14%"
"01/22/2021","10,335.95","10,313.38","10,335.95","10,250.21","13.08M","0.22%"
"01/21/2021","10,313.38","10,214.06","10,321.14","10,214.06","19.16M","0.97%"
"01/20/2021","10,214.06","10,242.51","10,275.64","10,197.34","19.33M","-0.28%"
"01/19/2021","10,242.51","10,183.99","10,274.96","10,166.37","13.39M","0.57%"
"01/18/2021","10,183.99","10,210.81","10,301.98","10,183.99","9.72M","-0.26%"
"01/15/2021","10,210.81","10,309.15","10,339.87","10,203.46","16.75M","-0.95%"
"01/14/2021","10,309.15","10,272.00","10,331.32","10,272.00","15.22M","0.36%"
"01/13/2021","10,272.00","10,171.42","10,275.72","10,169.76","20.40M","0.99%"
"01/12/2021","10,171.42","10,073.41","10,178.61","10,073.41","8.42M","0.97%"
"01/11/2021","10,073.41","10,144.77","10,166.97","10,073.41","7.67M","-0.70%"
"01/08/2021","10,144.77","9,988.89","10,153.48","9,988.89","15.85M","1.56%"
"01/07/2021","9,988.89","9,925.01","10,020.79","9,925.01","18.74M","0.64%"
"01/06/2021","9,925.01","9,826.75","9,951.74","9,821.97","34.01M","1.00%"
"01/05/2021","9,826.75","9,843.60","9,848.68","9,790.87","14.26M","-0.17%"
"01/04/2021","9,843.60","9,805.60","9,867.83","9,780.92","31.21M","0.39%"
"12/30/2020","9,805.60","9,738.51","9,807.07","9,727.65","8.00M","0.69%"
"12/29/2020","9,738.51","9,718.49","9,775.00","9,710.31","11.15M","0.21%"
"12/28/2020","9,718.49","9,685.26","9,736.80","9,685.26","10.07M","0.34%"
"12/23/2020","9,685.26","9,642.66","9,730.95","9,642.66","8.09M","0.44%"
"12/22/2020","9,642.66","9,587.61","9,687.68","9,587.61","20.28M","0.57%"
"12/21/2020","9,587.61","9,660.04","9,664.63","9,472.79","17.88M","-0.75%"
"12/18/2020","9,660.04","9,650.92","9,685.75","9,627.73","14.59M","0.09%"
"12/17/2020","9,650.92","9,633.35","9,668.97","9,621.72","7.44M","0.18%"
"12/16/2020","9,633.35","9,575.82","9,653.34","9,569.62","16.91M","0.60%"
"12/15/2020","9,575.82","9,573.01","9,612.37","9,551.81","17.01M","0.03%"
"12/14/2020","9,573.01","9,521.16","9,597.88","9,521.16","14.84M","0.54%"
"12/11/2020","9,521.16","9,553.28","9,574.47","9,492.88","6.11M","-0.34%"
"12/10/2020","9,553.28","9,532.93","9,602.22","9,529.54","18.33M","0.21%"
"12/09/2020","9,532.93","9,469.56","9,553.45","9,469.56","5.62M","0.67%"
"12/08/2020","9,469.56","9,493.39","9,520.13","9,445.18","11.15M","-0.25%"
"12/07/2020","9,493.39","9,550.57","9,555.36","9,468.14","6.46M","-0.60%"
"12/04/2020","9,550.57","9,486.10","9,564.51","9,469.73","16.87M","0.68%"
"12/03/2020","9,486.10","9,375.08","9,486.10","9,360.06","35.84M","1.18%"
"12/02/2020","9,375.08","9,286.11","9,380.46","9,269.18","54.34M","0.96%"
"11/27/2020","9,286.11","9,252.68","9,321.74","9,238.25","19.15M","0.36%"
"11/26/2020","9,252.68","9,244.19","9,305.55","9,215.46","9.76M","0.09%"
"11/25/2020","9,244.19","9,327.75","9,351.09","9,244.19","15.47M","-0.90%"
"11/24/2020","9,327.75","9,173.76","9,367.48","9,170.92","55.16M","1.68%"
"11/23/2020","9,173.76","9,069.28","9,179.91","9,069.28","21.95M","1.15%"
"11/20/2020","9,069.28","8,986.26","9,108.81","8,986.26","26.27M","0.92%"
"11/19/2020","8,986.26","8,936.25","8,996.13","8,936.25","15.54M","0.56%"
"11/18/2020","8,936.25","8,854.20","8,974.93","8,854.20","8.56M","0.93%"
"11/17/2020","8,854.20","8,906.97","8,988.64","8,854.20","12.21M","-0.59%"
"11/16/2020","8,906.97","8,910.13","8,997.84","8,853.71","21.25M","-0.04%"
"11/13/2020","8,910.13","8,977.75","8,991.37","8,885.91","15.53M","-0.75%"
"11/12/2020","8,977.75","9,050.07","9,060.46","8,956.23","50.44M","-0.80%"
"11/11/2020","9,050.07","9,065.88","9,111.72","9,028.02","15.93M","-0.17%"
"11/10/2020","9,065.88","9,129.64","9,194.39","9,050.63","15.50M","-0.70%"
"11/09/2020","9,129.64","8,808.33","9,130.35","8,808.33","30.73M","3.65%"
"11/06/2020","8,808.33","8,845.30","8,861.95","8,798.08","33.19M","-0.42%"
"11/05/2020","8,845.30","8,774.67","8,863.68","8,760.02","9.62M","0.80%"
"11/04/2020","8,774.67","8,701.40","8,781.90","8,665.12","5.44M","0.84%"
"11/03/2020","8,701.40","8,566.02","8,703.60","8,565.27","20.21M","1.58%"
"11/02/2020","8,566.02","8,510.37","8,642.30","8,499.34","17.32M","0.65%"
"10/30/2020","8,510.37","8,555.65","8,570.24","8,495.21","15.32M","-0.53%"
"10/29/2020","8,555.65","8,668.45","8,671.56","8,555.65","33.62M","-1.30%"
"10/28/2020","8,668.45","8,784.14","8,816.54","8,660.92","35.36M","-1.32%"
"10/27/2020","8,784.14","8,750.75","8,812.08","8,721.78","29.85M","0.38%"
"10/26/2020","8,750.75","8,795.07","8,796.56","8,687.91","32.64M","-0.50%"
"10/23/2020","8,795.07","8,756.94","8,828.00","8,756.94","26.29M","0.44%"
"10/22/2020","8,756.94","8,804.34","8,825.02","8,756.94","11.76M","-0.54%"
"10/21/2020","8,804.34","8,821.24","8,845.38","8,785.17","21.49M","-0.19%"
"10/20/2020","8,821.24","8,872.04","8,883.25","8,807.09","5.36M","-0.57%"
"10/19/2020","8,872.04","8,874.99","8,919.47","8,871.03","3.49M","-0.03%"
"10/16/2020","8,874.99","8,777.72","8,893.74","8,777.72","8.26M","1.11%"
"10/15/2020","8,777.72","8,880.06","8,915.76","8,765.21","14.00M","-1.15%"
"10/14/2020","8,880.06","8,877.11","8,911.07","8,803.00","10.68M","0.03%"
"10/13/2020","8,877.11","8,887.41","8,904.96","8,837.08","19.28M","-0.12%"
"10/12/2020","8,887.41","8,841.21","8,918.52","8,838.44","17.28M","0.52%"
"10/09/2020","8,841.21","8,875.47","8,920.61","8,841.21","11.87M","-0.39%"
"10/08/2020","8,875.47","8,869.71","8,924.75","8,869.71","14.69M","0.06%"
"10/07/2020","8,869.71","8,885.36","8,925.64","8,869.71","10.82M","-0.18%"
"10/06/2020","8,885.36","8,869.35","8,920.47","8,864.82","15.32M","0.18%"
"10/05/2020","8,869.35","8,879.96","8,906.72","8,859.64","7.48M","-0.12%"
"10/02/2020","8,879.96","9,000.43","9,000.43","8,867.43","38.65M","-1.34%"
"10/01/2020","9,000.43","9,007.20","9,052.96","8,989.96","18.57M","-0.08%"
"09/30/2020","9,007.20","9,008.04","9,054.24","8,988.17","13.85M","-0.01%"
"09/29/2020","9,008.04","9,010.30","9,050.47","8,970.49","13.27M","-0.03%"
"09/28/2020","9,010.30","8,961.59","9,069.57","8,961.05","16.54M","0.54%"
"09/25/2020","8,961.59","9,030.78","9,106.83","8,937.79","14.30M","-0.77%"
"09/24/2020","9,030.78","9,110.46","9,112.90","9,030.78","71.33M","-0.87%"
"09/23/2020","9,110.46","9,019.56","9,122.24","9,007.76","24.74M","1.01%"
"09/22/2020","9,019.56","8,891.59","9,039.43","8,876.99","19.27M","1.44%"
"09/21/2020","8,891.59","9,115.88","9,205.92","8,869.69","34.80M","-2.46%"
"09/18/2020","9,115.88","9,210.62","9,269.69","9,115.88","140.02M","-1.03%"
"09/17/2020","9,210.62","9,232.90","9,237.32","9,159.32","36.19M","-0.24%"
"09/16/2020","9,232.90","9,401.96","9,410.02","9,210.63","27.86M","-1.80%"
"09/15/2020","9,401.96","9,368.12","9,413.75","9,331.05","15.76M","0.36%"
"09/14/2020","9,368.12","9,301.73","9,399.59","9,287.13","24.07M","0.71%"
"09/11/2020","9,301.73","9,159.00","9,301.73","9,158.01","24.26M","1.56%"
"09/10/2020","9,159.00","9,082.08","9,185.35","9,082.08","19.48M","0.85%"
"09/09/2020","9,082.08","9,114.02","9,121.58","9,056.77","23.51M","-0.35%"
"09/08/2020","9,114.02","9,064.65","9,131.65","9,062.23","22.90M","0.54%"
"09/07/2020","9,064.65","8,993.80","9,070.33","8,993.80","14.69M","0.79%"
"09/04/2020","8,993.80","9,055.33","9,086.98","8,931.82","16.02M","-0.68%"
"09/03/2020","9,055.33","9,010.36","9,089.47","9,001.42","17.27M","0.50%"
"09/02/2020","9,010.36","9,009.43","9,047.18","8,987.62","24.46M","0.01%"
"09/01/2020","9,009.43","8,997.28","9,032.49","8,981.30","56.07M","0.14%"
"08/31/2020","8,997.28","8,850.68","9,000.83","8,850.02","27.48M","1.66%"
"08/28/2020","8,850.68","8,874.51","8,891.62","8,840.22","11.05M","-0.27%"
"08/27/2020","8,874.51","8,835.85","8,884.75","8,835.68","26.54M","0.44%"
"08/26/2020","8,835.85","8,785.18","8,841.23","8,785.18","13.70M","0.58%"
"08/25/2020","8,785.18","8,737.14","8,831.13","8,733.88","16.64M","0.55%"
"08/24/2020","8,737.14","8,725.12","8,779.12","8,725.12","17.71M","0.14%"
"08/21/2020","8,725.12","8,702.02","8,732.75","8,678.83","8.08M","0.27%"
"08/20/2020","8,702.02","8,687.24","8,713.23","8,683.56","28.57M","0.17%"
"08/19/2020","8,687.24","8,714.73","8,730.99","8,685.36","12.19M","-0.32%"
"08/18/2020","8,714.73","8,711.13","8,727.32","8,690.15","5.84M","0.04%"
"08/17/2020","8,711.13","8,733.63","8,777.48","8,679.76","68.55M","-0.26%"
"08/14/2020","8,733.63","8,764.47","8,803.50","8,731.04","38.95M","-0.35%"
"08/13/2020","8,764.47","8,777.30","8,794.37","8,764.47","32.33M","-0.15%"
"08/12/2020","8,777.30","8,745.68","8,792.86","8,741.36","7.51M","0.36%"
"08/11/2020","8,745.68","8,620.18","8,764.56","8,620.18","31.98M","1.46%"
"08/10/2020","8,620.18","8,572.86","8,639.91","8,572.69","41.30M","0.55%"
"08/07/2020","8,572.86","8,586.78","8,610.52","8,567.40","33.87M","-0.16%"
"08/06/2020","8,586.78","8,559.45","8,597.13","8,533.61","6.57M","0.32%"
"08/05/2020","8,559.45","8,493.41","8,559.45","8,477.84","26.39M","0.78%"
"08/04/2020","8,493.41","8,431.74","8,502.88","8,430.93","12.82M","0.73%"
"08/03/2020","8,431.74","8,377.89","8,453.06","8,374.99","4.81M","0.64%"
"07/31/2020","8,377.89","8,434.93","8,515.09","8,377.89","10.81M","-0.68%"
"07/30/2020","8,434.93","8,576.36","8,605.57","8,402.08","15.78M","-1.65%"
"07/29/2020","8,576.36","8,613.48","8,647.07","8,574.99","12.47M","-0.43%"
"07/28/2020","8,613.48","8,586.12","8,627.47","8,572.43","19.16M","0.32%"
"07/27/2020","8,586.12","8,551.29","8,595.37","8,537.21","11.74M","0.41%"
"07/24/2020","8,551.29","8,572.01","8,576.29","8,521.39","15.41M","-0.24%"
"07/23/2020","8,572.01","8,583.40","8,592.51","8,537.03","14.53M","-0.13%"
"07/22/2020","8,583.40","8,561.75","8,593.55","8,542.77","11.75M","0.25%"
"07/21/2020","8,561.75","8,489.21","8,594.65","8,489.21","28.72M","0.85%"
"07/20/2020","8,489.21","8,511.80","8,534.34","8,488.60","18.68M","-0.27%"
"07/17/2020","8,511.80","8,426.66","8,538.15","8,424.28","29.42M","1.01%"
"07/16/2020","8,426.66","8,439.27","8,491.41","8,426.66","8.94M","-0.15%"
"07/15/2020","8,439.27","8,416.87","8,499.36","8,416.87","28.09M","0.27%"
"07/14/2020","8,416.87","8,470.52","8,502.81","8,416.87","17.66M","-0.63%"
"07/13/2020","8,470.52","8,443.65","8,516.06","8,443.65","6.75M","0.32%"
"07/10/2020","8,443.65","8,544.73","8,544.73","8,414.98","23.03M","-1.18%"
"07/09/2020","8,544.73","8,531.26","8,580.13","8,505.48","7.68M","0.16%"
"07/08/2020","8,531.26","8,523.47","8,582.76","8,517.23","5.55M","0.09%"
"07/07/2020","8,523.47","8,595.51","8,666.90","8,522.04","9.28M","-0.84%"
"07/06/2020","8,595.51","8,668.05","8,719.71","8,594.08","9.14M","-0.84%"
"07/03/2020","8,668.05","8,662.95","8,690.33","8,645.12","4.01M","0.06%"
"07/02/2020","8,662.95","8,689.67","8,698.43","8,618.59","6.74M","-0.31%"
"07/01/2020","8,689.67","8,659.55","8,703.11","8,642.62","5.90M","0.35%"
"06/30/2020","8,659.55","8,626.28","8,660.11","8,602.20","13.26M","0.39%"
"06/29/2020","8,626.28","8,603.86","8,631.00","8,566.82","6.84M","0.26%"
"06/26/2020","8,603.86","8,559.14","8,656.19","8,559.14","6.71M","0.52%"
"06/25/2020","8,559.14","8,643.63","8,660.75","8,544.51","7.27M","-0.98%"
"06/24/2020","8,643.63","8,707.79","8,754.31","8,640.77","13.17M","-0.74%"
"06/23/2020","8,707.79","8,683.52","8,748.70","8,667.65","8.07M","0.28%"
"06/22/2020","8,683.52","8,707.34","8,707.34","8,590.38","10.66M","-0.27%"
"06/19/2020","8,707.34","8,707.90","8,766.95","8,680.13","7.35M","-0.01%"
"06/18/2020","8,707.90","8,695.98","8,739.94","8,675.86","5.26M","0.14%"
"06/17/2020","8,695.98","8,719.25","8,745.03","8,683.23","20.61M","-0.27%"
"06/16/2020","8,719.25","8,532.77","8,738.39","8,532.77","25.10M","2.19%"
"06/15/2020","8,532.77","8,731.99","8,731.99","8,426.46","29.93M","-2.28%"
"06/12/2020","8,731.99","8,527.32","8,737.08","8,338.30","16.97M","2.40%"
"06/11/2020","8,527.32","8,830.41","8,831.70","8,495.64","15.32M","-3.43%"
"06/10/2020","8,830.41","8,813.53","8,868.68","8,790.31","9.91M","0.19%"
"06/09/2020","8,813.53","8,848.75","8,943.36","8,806.53","17.89M","-0.40%"
"06/05/2020","8,848.75","9,021.60","9,037.05","8,848.75","21.97M","-1.92%"
"06/04/2020","9,021.60","8,981.80","9,023.03","8,917.14","14.56M","0.44%"
"06/03/2020","8,981.80","8,814.37","8,988.27","8,814.37","23.80M","1.90%"
"06/02/2020","8,814.37","8,701.29","8,832.08","8,701.08","32.76M","1.30%"
"05/29/2020","8,701.29","8,768.80","8,770.57","8,679.00","17.17M","-0.77%"
"05/28/2020","8,768.80","8,732.22","8,801.50","8,714.23","7.20M","0.42%"
"05/27/2020","8,732.22","8,705.75","8,763.19","8,688.91","39.32M","0.30%"
"05/26/2020","8,705.75","8,688.36","8,741.24","8,673.14","17.34M","0.20%"
"05/25/2020","8,688.36","8,592.48","8,688.36","8,588.46","4.73M","1.12%"
"05/22/2020","8,592.48","8,582.18","8,592.48","8,512.32","11.73M","0.12%"
"05/21/2020","8,582.18","8,419.75","8,585.88","8,374.90","14.87M","1.93%"
"05/20/2020","8,419.75","8,383.11","8,434.97","8,336.44","23.70M","0.44%"
"05/19/2020","8,383.11","8,298.02","8,410.20","8,298.02","14.10M","1.03%"
"05/18/2020","8,298.02","8,174.10","8,308.83","8,166.61","18.60M","1.52%"
"05/15/2020","8,174.10","8,143.54","8,222.80","8,129.15","17.51M","0.38%"
"05/14/2020","8,143.54","8,229.08","8,245.84","8,112.11","22.81M","-1.04%"
"05/13/2020","8,229.08","8,408.11","8,409.91","8,221.93","23.36M","-2.13%"
"05/12/2020","8,408.11","8,406.04","8,413.83","8,365.59","37.38M","0.02%"
"05/11/2020","8,406.04","8,381.20","8,452.42","8,353.19","24.72M","0.30%"
"05/08/2020","8,381.20","8,192.20","8,399.56","8,192.20","26.74M","2.31%"
"05/07/2020","8,192.20","8,106.93","8,195.48","8,106.93","8.99M","1.05%"
"05/06/2020","8,106.93","8,090.58","8,177.30","8,090.58","18.28M","0.20%"
"05/05/2020","8,090.58","7,992.41","8,106.80","7,992.41","24.94M","1.23%"
"05/04/2020","7,992.41","7,978.64","8,072.65","7,960.14","19.37M","0.17%"
"04/30/2020","7,978.64","8,274.76","8,329.32","7,978.64","25.23M","-3.58%"
"04/29/2020","8,274.76","8,191.09","8,307.68","8,191.09","22.62M","1.02%"
"04/28/2020","8,191.09","8,019.11","8,191.30","8,019.11","27.93M","2.14%"
"04/27/2020","8,019.11","7,917.72","8,038.52","7,917.72","24.53M","1.28%"
"04/24/2020","7,917.72","7,921.89","7,950.79","7,895.11","8.57M","-0.05%"
"04/23/2020","7,921.89","7,843.37","7,993.03","7,843.37","12.52M","1.00%"
"04/22/2020","7,843.37","7,721.93","7,913.20","7,721.93","8.51M","1.57%"
"04/21/2020","7,721.93","7,935.06","7,959.15","7,721.93","22.21M","-2.69%"
"04/16/2020","7,935.06","7,964.04","8,073.75","7,932.87","26.50M","-0.36%"
"04/15/2020","7,964.04","8,296.19","8,336.95","7,964.04","22.26M","-4.00%"
"04/14/2020","8,296.19","8,302.45","8,418.71","8,296.19","18.10M","-0.08%"
"04/13/2020","8,302.45","8,349.93","8,401.45","8,251.63","14.44M","-0.57%"
"04/10/2020","8,349.93","8,129.50","8,349.93","8,129.09","18.04M","2.71%"
"04/09/2020","8,129.50","8,000.10","8,204.22","8,000.10","37.04M","1.62%"
"04/08/2020","8,000.10","8,020.15","8,026.51","7,929.53","17.43M","-0.25%"
"04/07/2020","8,020.15","7,706.49","8,094.81","7,706.49","38.88M","4.07%"
"04/06/2020","7,706.49","7,525.60","7,713.32","7,525.60","18.79M","2.40%"
"04/03/2020","7,525.60","7,548.64","7,593.83","7,516.19","44.94M","-0.31%"
"04/02/2020","7,548.64","7,425.44","7,566.19","7,425.44","42.90M","1.66%"
"04/01/2020","7,425.44","7,625.38","7,625.38","7,408.16","21.38M","-2.62%"
"03/31/2020","7,625.38","7,483.17","7,677.22","7,483.17","15.64M","1.90%"
"03/30/2020","7,483.17","7,528.93","7,539.33","7,414.22","12.69M","-0.61%"
"03/27/2020","7,528.93","7,622.75","7,695.45","7,471.09","17.80M","-1.23%"
"03/26/2020","7,622.75","7,621.00","7,658.92","7,566.98","23.85M","0.02%"
"03/25/2020","7,621.00","7,472.17","7,775.37","7,459.42","33.79M","1.99%"
"03/24/2020","7,472.17","7,038.95","7,479.58","7,038.95","28.66M","6.15%"
"03/23/2020","7,038.95","7,347.75","7,347.75","6,936.37","32.88M","-4.20%"
"03/20/2020","7,347.75","7,384.75","7,645.28","7,308.82","35.05M","-0.50%"
"03/19/2020","7,384.75","7,292.72","7,422.39","7,203.25","31.95M","1.26%"
"03/18/2020","7,292.72","7,561.99","7,561.99","7,098.76","39.69M","-3.56%"
"03/17/2020","7,561.99","7,126.73","7,561.99","7,046.52","43.39M","6.11%"
"03/16/2020","7,126.73","7,882.19","7,883.48","7,016.58","42.02M","-9.58%"
"03/13/2020","7,882.19","7,950.02","8,219.46","7,859.59","36.17M","-0.85%"
"03/12/2020","7,950.02","8,381.47","8,381.47","7,623.04","72.27M","-5.15%"
"03/11/2020","8,381.47","8,722.11","8,744.03","8,364.09","43.60M","-3.91%"
"03/10/2020","8,722.11","8,733.96","8,991.57","8,719.32","26.93M","-0.14%"
"03/09/2020","8,733.96","9,445.03","9,445.03","8,503.45","78.18M","-7.53%"
"03/06/2020","9,445.03","9,594.01","9,594.01","9,359.53","35.46M","-1.55%"
"03/05/2020","9,594.01","9,766.69","9,833.72","9,509.60","33.23M","-1.77%"
"03/04/2020","9,766.69","9,693.05","9,801.97","9,612.93","26.90M","0.76%"
"03/03/2020","9,693.05","9,452.51","9,715.83","9,452.51","28.35M","2.54%"
"03/02/2020","9,452.51","9,121.27","9,585.18","9,113.27","29.71M","3.63%"
"02/28/2020","9,121.27","9,562.63","9,562.63","9,121.27","68.57M","-4.62%"
"02/27/2020","9,562.63","9,704.82","9,726.23","9,559.84","21.65M","-1.47%"
"02/26/2020","9,704.82","9,779.14","9,779.14","9,519.58","37.47M","-0.76%"
"02/25/2020","9,779.14","9,849.05","9,873.70","9,762.84","20.75M","-0.71%"
"02/24/2020","9,849.05","10,097.21","10,097.99","9,771.07","41.44M","-2.46%"
"02/21/2020","10,097.21","10,144.16","10,175.27","10,091.16","3.83M","-0.46%"
"02/20/2020","10,144.16","10,204.97","10,204.97","10,144.16","5.41M","-0.60%"
"02/19/2020","10,204.97","10,138.11","10,228.10","10,134.24","4.46M","0.66%"
"02/18/2020","10,138.11","10,108.05","10,139.50","10,092.09","6.60M","0.30%"
"02/17/2020","10,108.05","10,099.82","10,125.73","10,074.21","5.96M","0.08%"
"02/14/2020","10,099.82","10,095.99","10,141.14","10,083.92","8.14M","0.04%"
"02/13/2020","10,095.99","10,000.18","10,095.99","9,999.45","13.54M","0.96%"
"02/12/2020","10,000.18","10,006.05","10,063.10","9,986.19","9.46M","-0.06%"
"02/11/2020","10,006.05","10,012.30","10,053.15","9,980.34","7.86M","-0.06%"
"02/10/2020","10,012.30","10,025.59","10,112.41","10,002.53","4.31M","-0.13%"
"02/07/2020","10,025.59","10,107.38","10,153.98","10,014.75","19.24M","-0.81%"
"02/06/2020","10,107.38","10,035.73","10,161.54","10,002.59","24.38M","0.71%"
"02/05/2020","10,035.73","9,965.56","10,035.73","9,961.70","24.83M","0.70%"
"02/04/2020","9,965.56","9,958.13","9,999.88","9,934.93","13.26M","0.07%"
"02/03/2020","9,958.13","10,027.88","10,027.88","9,893.38","16.79M","-0.70%"
"01/31/2020","10,027.88","9,949.55","10,037.73","9,948.49","22.47M","0.79%"
"01/30/2020","9,949.55","10,050.70","10,120.54","9,937.74","13.50M","-1.01%"
"01/29/2020","10,050.70","10,091.08","10,128.28","10,049.31","7.92M","-0.40%"
"01/28/2020","10,091.08","10,105.37","10,132.54","10,066.52","19.35M","-0.14%"
"01/27/2020","10,105.37","10,219.75","10,221.68","10,101.40","19.24M","-1.12%"
"01/23/2020","10,219.75","10,131.77","10,231.21","10,131.77","25.14M","0.87%"
"01/22/2020","10,131.77","10,096.29","10,184.36","10,087.28","22.43M","0.35%"
"01/21/2020","10,096.29","10,095.26","10,126.31","10,076.43","60.57M","0.01%"
"01/20/2020","10,095.26","10,087.42","10,127.03","10,086.44","6.24M","0.08%"
"01/17/2020","10,087.42","10,074.80","10,122.56","10,074.80","10.82M","0.13%"
"01/16/2020","10,074.80","10,082.00","10,105.08","10,056.44","13.07M","-0.07%"
"01/15/2020","10,082.00","10,035.47","10,092.47","10,035.47","21.15M","0.46%"
"01/14/2020","10,035.47","10,023.95","10,050.57","10,013.13","8.77M","0.11%"
"01/13/2020","10,023.95","9,952.83","10,036.15","9,938.01","8.88M","0.71%"
"01/10/2020","9,952.83","9,939.58","9,969.41","9,938.04","16.24M","0.13%"
"01/09/2020","9,939.58","9,856.93","9,941.66","9,856.93","23.63M","0.84%"
"01/08/2020","9,856.93","9,885.48","9,892.93","9,832.59","15.54M","-0.29%"
"01/07/2020","9,885.48","9,865.83","9,917.25","9,861.19","18.02M","0.20%"
"01/06/2020","9,865.83","9,921.59","9,928.03","9,848.31","16.78M","-0.56%"
"01/03/2020","9,921.59","9,977.30","10,012.78","9,919.43","8.41M","-0.56%"
"12/30/2019","9,977.30","9,948.53","9,980.69","9,941.06","14.09M","0.29%"
"12/27/2019","9,948.53","9,877.96","9,953.30","9,877.79","21.43M","0.71%"
"12/23/2019","9,877.96","9,885.56","9,933.91","9,868.86","8.49M","-0.08%"
"12/20/2019","9,885.56","9,889.74","9,913.73","9,874.89","12.92M","-0.04%"
"12/19/2019","9,889.74","9,907.25","9,936.03","9,883.06","19.34M","-0.18%"
"12/18/2019","9,907.25","9,887.91","9,921.97","9,848.07","21.13M","0.20%"
"12/17/2019","9,887.91","9,966.11","9,972.75","9,885.92","8.32M","-0.78%"
"12/16/2019","9,966.11","9,880.42","9,966.11","9,879.70","18.05M","0.87%"
"12/13/2019","9,880.42","9,779.39","9,880.42","9,779.39","5.49M","1.03%"
"12/12/2019","9,779.39","9,810.25","9,846.08","9,765.63","25.15M","-0.31%"
"12/11/2019","9,810.25","9,878.67","9,881.60","9,791.86","28.75M","-0.69%"
"12/10/2019","9,878.67","9,937.67","9,946.02","9,858.37","18.02M","-0.59%"
"12/09/2019","9,937.67","9,977.47","9,985.23","9,934.85","3.23M","-0.40%"
"12/06/2019","9,977.47","9,961.05","9,989.79","9,961.05","9.85M","0.16%"
"12/05/2019","9,961.05","9,948.09","9,977.32","9,932.57","7.90M","0.13%"
"12/04/2019","9,948.09","9,879.22","9,952.02","9,878.84","12.34M","0.70%"
"12/03/2019","9,879.22","9,903.07","9,914.81","9,879.22","8.65M","-0.24%"
"12/02/2019","9,903.07","9,886.93","9,911.72","9,870.33","17.19M","0.16%"
"11/29/2019","9,886.93","9,869.45","9,904.93","9,868.22","7.04M","0.18%"
"11/28/2019","9,869.45","9,875.75","9,898.14","9,843.41","6.01M","-0.06%"
"11/27/2019","9,875.75","9,797.21","9,875.75","9,797.21","9.84M","0.80%"
"11/26/2019","9,797.21","9,772.01","9,833.97","9,732.58","76.45M","0.26%"
"11/25/2019","9,772.01","9,718.49","9,772.24","9,718.49","5.06M","0.55%"
"11/22/2019","9,718.49","9,713.16","9,739.75","9,703.14","5.71M","0.05%"
"11/21/2019","9,713.16","9,732.22","9,753.53","9,705.75","6.11M","-0.20%"
"11/20/2019","9,732.22","9,706.24","9,744.63","9,686.08","178.29M","0.27%"
"11/19/2019","9,706.24","9,724.93","9,734.19","9,694.17","19.06M","-0.19%"
"11/18/2019","9,724.93","9,692.51","9,735.41","9,692.51","7.51M","0.33%"
"11/15/2019","9,692.51","9,692.17","9,723.45","9,679.51","3.92M","0.00%"
"11/14/2019","9,692.17","9,729.44","9,749.18","9,683.36","7.99M","-0.38%"
"11/13/2019","9,729.44","9,692.81","9,729.44","9,683.21","8.40M","0.38%"
"11/12/2019","9,692.81","9,720.79","9,730.56","9,681.01","6.31M","-0.29%"
"11/11/2019","9,720.79","9,689.61","9,727.42","9,682.06","7.01M","0.32%"
"11/08/2019","9,689.61","9,680.24","9,706.93","9,672.67","13.33M","0.10%"
"11/07/2019","9,680.24","9,687.66","9,711.43","9,667.87","20.90M","-0.08%"
"11/06/2019","9,687.66","9,678.05","9,714.34","9,672.99","14.75M","0.10%"
"11/05/2019","9,678.05","9,650.99","9,681.58","9,629.58","6.07M","0.28%"
"11/04/2019","9,650.99","9,607.67","9,653.81","9,575.15","6.18M","0.45%"
"11/01/2019","9,607.67","9,518.89","9,621.21","9,518.89","2.13M","0.93%"
"10/31/2019","9,518.89","9,646.87","9,668.05","9,518.89","11.17M","-1.33%"
"10/30/2019","9,646.87","9,713.66","9,716.05","9,645.46","4.42M","-0.69%"
"10/29/2019","9,713.66","9,681.80","9,719.29","9,677.86","8.05M","0.33%"
"10/28/2019","9,681.80","9,677.61","9,691.72","9,647.36","8.32M","0.04%"
"10/25/2019","9,677.61","9,621.88","9,677.61","9,621.88","15.95M","0.58%"
"10/24/2019","9,621.88","9,619.19","9,660.50","9,617.67","10.74M","0.03%"
"10/23/2019","9,619.19","9,623.42","9,639.94","9,607.50","5.53M","-0.04%"
"10/22/2019","9,623.42","9,580.63","9,636.99","9,568.19","7.42M","0.45%"
"10/21/2019","9,580.63","9,539.91","9,611.06","9,539.91","5.77M","0.43%"
"10/18/2019","9,539.91","9,558.18","9,592.98","9,532.22","4.80M","-0.19%"
"10/17/2019","9,558.18","9,510.94","9,558.41","9,510.66","8.02M","0.50%"
"10/16/2019","9,510.94","9,545.34","9,560.39","9,510.94","21.68M","-0.36%"
"10/15/2019","9,545.34","9,517.82","9,569.43","9,517.82","7.63M","0.29%"
"10/14/2019","9,517.82","9,528.71","9,575.03","9,517.82","3.05M","-0.11%"
"10/11/2019","9,528.71","9,479.50","9,540.35","9,479.50","2.84M","0.52%"
"10/10/2019","9,479.50","9,514.48","9,534.64","9,466.07","10.45M","-0.37%"
"10/09/2019","9,514.48","9,487.05","9,514.48","9,462.09","4.22M","0.29%"
"10/08/2019","9,487.05","9,546.33","9,550.37","9,476.49","2.81M","-0.62%"
"10/07/2019","9,546.33","9,441.52","9,546.33","9,441.52","10.80M","1.11%"
"10/04/2019","9,441.52","9,429.07","9,472.44","9,424.69","7.86M","0.13%"
"10/03/2019","9,429.07","9,425.20","9,464.80","9,405.92","8.80M","0.04%"
"10/02/2019","9,425.20","9,552.68","9,554.33","9,425.04","9.68M","-1.33%"
"10/01/2019","9,552.68","9,574.37","9,578.27","9,538.33","7.15M","-0.23%"
"09/30/2019","9,574.37","9,603.38","9,619.72","9,560.54","8.07M","-0.30%"
"09/27/2019","9,603.38","9,528.24","9,659.39","9,525.82","19.60M","0.79%"
"09/26/2019","9,528.24","9,502.48","9,539.57","9,485.42","11.98M","0.27%"
"09/25/2019","9,502.48","9,483.43","9,505.13","9,476.00","11.00M","0.20%"
"09/24/2019","9,483.43","9,542.83","9,552.21","9,470.94","14.75M","-0.62%"
"09/23/2019","9,542.83","9,441.69","9,557.30","9,425.92","15.93M","1.07%"
"09/20/2019","9,441.69","9,358.82","9,458.56","9,358.26","21.51M","0.89%"
"09/19/2019","9,358.82","9,313.44","9,362.77","9,313.44","7.38M","0.49%"
"09/18/2019","9,313.44","9,265.94","9,318.69","9,265.94","16.51M","0.51%"
"09/17/2019","9,265.94","9,289.26","9,308.15","9,265.94","16.19M","-0.25%"
"09/16/2019","9,289.26","9,231.85","9,298.06","9,230.90","17.52M","0.62%"
"09/13/2019","9,231.85","9,221.69","9,256.49","9,209.57","14.51M","0.11%"
"09/12/2019","9,221.69","9,228.59","9,240.63","9,204.23","17.68M","-0.07%"
"09/11/2019","9,228.59","9,229.37","9,251.21","9,218.76","17.09M","-0.01%"
"09/10/2019","9,229.37","9,234.57","9,266.44","9,229.37","6.64M","-0.06%"
"09/09/2019","9,234.57","9,245.30","9,276.49","9,227.03","5.63M","-0.12%"
"09/06/2019","9,245.30","9,251.48","9,282.40","9,226.71","7.40M","-0.07%"
"09/05/2019","9,251.48","9,262.37","9,290.20","9,251.48","10.12M","-0.12%"
"09/04/2019","9,262.37","9,245.71","9,282.67","9,245.71","22.02M","0.18%"
"09/03/2019","9,245.71","9,259.73","9,282.63","9,239.25","7.23M","-0.15%"
"09/02/2019","9,259.73","9,235.72","9,267.26","9,216.51","7.57M","0.26%"
"08/30/2019","9,235.72","9,241.52","9,253.87","9,212.93","15.05M","-0.06%"
"08/29/2019","9,241.52","9,245.95","9,260.68","9,218.39","8.07M","-0.05%"
"08/28/2019","9,245.95","9,258.55","9,261.16","9,194.16","9.54M","-0.14%"
"08/27/2019","9,258.55","9,044.48","9,258.55","9,044.48","21.30M","2.37%"
"08/26/2019","9,044.48","9,095.00","9,095.00","9,008.79","3.70M","-0.56%"
"08/23/2019","9,095.00","9,119.36","9,156.46","9,095.00","2.56M","-0.27%"
"08/22/2019","9,119.36","9,144.33","9,150.27","9,119.36","7.93M","-0.27%"
"08/21/2019","9,144.33","9,060.27","9,144.33","9,059.57","9.59M","0.93%"
"08/20/2019","9,060.27","9,073.32","9,083.18","9,048.67","2.96M","-0.14%"
"08/19/2019","9,073.32","9,035.27","9,073.32","9,026.80","2.65M","0.42%"
"08/16/2019","9,035.27","9,052.10","9,052.10","8,957.01","12.30M","-0.19%"
"08/14/2019","9,052.10","9,115.80","9,157.07","9,045.48","12.32M","-0.70%"
"08/13/2019","9,115.80","9,100.65","9,130.23","9,085.75","13.52M","0.17%"
"08/12/2019","9,100.65","9,146.51","9,151.91","9,083.91","7.96M","-0.50%"
"08/09/2019","9,146.51","9,121.20","9,150.54","9,085.66","6.54M","0.28%"
"08/08/2019","9,121.20","9,064.84","9,149.33","9,064.84","21.77M","0.62%"
"08/07/2019","9,064.84","9,047.79","9,155.02","9,047.79","13.53M","0.19%"
"08/06/2019","9,047.79","9,016.57","9,066.02","8,961.85","57.19M","0.35%"
"08/05/2019","9,016.57","9,068.90","9,085.41","9,016.57","26.23M","-0.58%"
"08/02/2019","9,068.90","9,120.11","9,142.53","9,052.87","32.17M","-0.56%"
"08/01/2019","9,120.11","9,204.15","9,214.44","9,115.60","19.25M","-0.91%"
"07/31/2019","9,204.15","8,995.40","9,204.15","8,991.69","31.14M","2.32%"
"07/30/2019","8,995.40","8,998.36","9,011.01","8,975.73","19.42M","-0.03%"
"07/29/2019","8,998.36","8,961.46","8,998.36","8,956.38","10.33M","0.41%"
"07/26/2019","8,961.46","8,968.90","8,976.71","8,932.19","5.10M","-0.08%"
"07/25/2019","8,968.90","8,923.44","8,981.28","8,923.44","47.73M","0.51%"
"07/24/2019","8,923.44","9,065.40","9,071.76","8,914.01","90.18M","-1.57%"
"07/23/2019","9,065.40","9,049.50","9,074.76","9,029.13","2.35M","0.18%"
"07/22/2019","9,049.50","9,087.58","9,106.42","9,043.76","7.05M","-0.42%"
"07/19/2019","9,087.58","9,056.40","9,112.78","9,039.02","17.96M","0.34%"
"07/18/2019","9,056.40","9,091.28","9,093.89","9,012.22","9.46M","-0.38%"
"07/17/2019","9,091.28","9,126.50","9,159.28","9,091.01","16.20M","-0.39%"
"07/16/2019","9,126.50","9,145.28","9,173.31","9,092.44","18.78M","-0.21%"
"07/15/2019","9,145.28","9,091.29","9,168.89","9,069.32","16.14M","0.59%"
"07/12/2019","9,091.29","9,024.03","9,177.45","9,017.84","17.93M","0.75%"
"07/11/2019","9,024.03","8,887.39","9,024.03","8,887.39","30.19M","1.54%"
"07/10/2019","8,887.39","8,908.81","8,932.28","8,854.58","10.39M","-0.24%"
"07/09/2019","8,908.81","8,877.53","8,908.81","8,823.04","11.36M","0.35%"
"07/08/2019","8,877.53","8,967.08","8,967.08","8,877.53","3.98M","-1.00%"
"07/05/2019","8,967.08","8,917.19","8,968.45","8,892.29","7.51M","0.56%"
"07/04/2019","8,917.19","8,845.25","8,917.96","8,844.92","56.64M","0.81%"
"07/03/2019","8,845.25","8,773.99","8,853.13","8,773.99","74.45M","0.81%"
"07/02/2019","8,773.99","8,797.06","8,839.71","8,773.99","67.68M","-0.26%"
"07/01/2019","8,797.06","8,814.27","8,838.91","8,776.61","13.87M","-0.20%"
"06/28/2019","8,814.27","8,749.34","8,822.68","8,749.34","14.94M","0.74%"
"06/27/2019","8,749.34","8,649.80","8,773.49","8,648.21","45.10M","1.15%"
"06/26/2019","8,649.80","8,594.90","8,669.93","8,588.25","10.57M","0.64%"
"06/25/2019","8,594.90","8,625.92","8,685.80","8,594.90","27.65M","-0.36%"
"06/24/2019","8,625.92","8,746.18","8,757.98","8,625.92","11.40M","-1.37%"
"06/21/2019","8,746.18","8,672.34","8,752.48","8,672.34","69.13M","0.85%"
"06/20/2019","8,672.34","8,582.84","8,721.36","8,573.68","37.65M","1.04%"
"06/19/2019","8,582.84","8,525.82","8,607.86","8,525.82","79.53M","0.67%"
"06/18/2019","8,525.82","8,504.24","8,559.87","8,481.48","11.16M","0.25%"
"06/14/2019","8,504.24","8,477.19","8,532.36","8,475.81","7.57M","0.32%"
"06/13/2019","8,477.19","8,591.06","8,595.59","8,477.19","19.86M","-1.33%"
"06/12/2019","8,591.06","8,633.12","8,669.09","8,578.25","36.76M","-0.49%"
"06/11/2019","8,633.12","8,583.26","8,645.70","8,583.26","46.46M","0.58%"
"06/10/2019","8,583.26","8,575.77","8,613.86","8,523.51","16.89M","0.09%"
"06/07/2019","8,575.77","8,623.03","8,634.36","8,494.94","9.93M","-0.55%"
"06/06/2019","8,623.03","8,615.37","8,640.33","8,592.66","46.23M","0.09%"
"06/05/2019","8,615.37","8,472.73","8,621.14","8,469.51","17.85M","1.68%"
"06/04/2019","8,472.73","8,582.23","8,582.23","8,446.28","37.14M","-1.28%"
"06/03/2019","8,582.23","8,493.13","8,603.17","8,447.19","40.43M","1.05%"
"05/31/2019","8,493.13","8,403.12","8,500.80","8,360.28","43.24M","1.07%"
"05/30/2019","8,403.12","8,476.39","8,477.26","8,352.53","19.62M","-0.86%"
"05/29/2019","8,476.39","8,500.84","8,514.08","8,421.60","21.98M","-0.29%"
"05/28/2019","8,500.84","8,242.22","8,500.84","8,241.15","46.43M","3.14%"
"05/27/2019","8,242.22","8,189.13","8,253.00","8,189.13","30.55M","0.65%"
"05/24/2019","8,189.13","8,109.89","8,189.13","8,099.84","19.84M","0.98%"
"05/23/2019","8,109.89","8,116.30","8,140.37","8,109.20","8.82M","-0.08%"
"05/22/2019","8,116.30","8,152.63","8,155.58","8,055.58","17.38M","-0.45%"
"05/21/2019","8,152.63","8,205.08","8,222.39","8,152.63","8.88M","-0.64%"
"05/20/2019","8,205.08","8,223.72","8,256.41","8,198.98","13.34M","-0.23%"
"05/17/2019","8,223.72","8,212.27","8,263.95","8,203.11","7.68M","0.14%"
"05/16/2019","8,212.27","8,174.16","8,213.63","8,156.31","42.16M","0.47%"
"05/15/2019","8,174.16","8,135.82","8,187.58","8,135.82","25.28M","0.47%"
"05/14/2019","8,135.82","8,164.57","8,175.37","8,070.34","21.47M","-0.35%"
"05/13/2019","8,164.57","8,304.58","8,312.14","8,151.31","17.26M","-1.69%"
"05/10/2019","8,304.58","8,298.17","8,328.06","8,284.29","11.33M","0.08%"
"05/09/2019","8,298.17","8,370.72","8,382.65","8,270.89","5.55M","-0.87%"
"05/08/2019","8,370.72","8,419.18","8,435.22","8,370.72","15.58M","-0.58%"
"05/07/2019","8,419.18","8,380.61","8,440.08","8,376.04","12.37M","0.46%"
"05/06/2019","8,380.61","8,443.43","8,443.68","8,380.61","11.28M","-0.74%"
"05/03/2019","8,443.43","8,450.07","8,470.86","8,438.94","11.47M","-0.08%"
"05/02/2019","8,450.07","8,441.95","8,475.94","8,418.48","7.20M","0.10%"
"04/30/2019","8,441.95","8,416.03","8,469.08","8,392.92","16.97M","0.31%"
"04/25/2019","8,416.03","8,370.14","8,432.09","8,367.27","13.26M","0.55%"
"04/24/2019","8,370.14","8,358.28","8,382.84","8,352.86","19.53M","0.14%"
"04/23/2019","8,358.28","8,402.88","8,413.64","8,350.16","21.16M","-0.53%"
"04/22/2019","8,402.88","8,351.30","8,402.88","8,345.96","11.55M","0.62%"
"04/19/2019","8,351.30","8,279.83","8,352.28","8,279.83","2.45M","0.86%"
"04/18/2019","8,279.83","8,271.64","8,303.92","8,251.06","17.86M","0.10%"
"04/17/2019","8,271.64","8,247.58","8,276.52","8,237.38","6.72M","0.29%"
"04/16/2019","8,247.58","8,271.75","8,280.48","8,225.18","5.74M","-0.29%"
"04/15/2019","8,271.75","8,267.38","8,312.15","8,264.91","3.67M","0.05%"
"04/12/2019","8,267.38","8,328.02","8,328.02","8,266.03","9.59M","-0.73%"
"04/11/2019","8,328.02","8,304.90","8,330.08","8,287.62","5.18M","0.28%"
"04/10/2019","8,304.90","8,301.40","8,319.60","8,294.95","16.30M","0.04%"
"04/09/2019","8,301.40","8,248.40","8,325.35","8,248.40","33.09M","0.64%"
"04/08/2019","8,248.40","8,202.21","8,256.83","8,202.21","14.33M","0.56%"
"04/05/2019","8,202.21","8,169.66","8,209.28","8,166.24","8.81M","0.40%"
"04/04/2019","8,169.66","8,156.05","8,187.67","8,155.55","12.42M","0.17%"
"04/03/2019","8,156.05","8,145.46","8,175.74","8,140.80","14.94M","0.13%"
"04/02/2019","8,145.46","8,143.10","8,168.06","8,126.23","10.74M","0.03%"
"04/01/2019","8,143.10","8,045.38","8,154.15","8,045.38","8.76M","1.21%"
"03/29/2019","8,045.38","8,094.87","8,165.85","8,043.88","17.90M","-0.61%"
"03/28/2019","8,094.87","8,120.74","8,133.32","8,038.64","13.05M","-0.32%"
"03/27/2019","8,120.74","8,044.12","8,120.99","8,041.19","14.89M","0.95%"
"03/26/2019","8,044.12","7,954.29","8,057.86","7,951.24","16.56M","1.13%"
"03/25/2019","7,954.29","8,031.50","8,031.50","7,913.86","10.02M","-0.96%"
"03/22/2019","8,031.50","8,047.89","8,079.17","8,014.83","15.65M","-0.20%"
"03/21/2019","8,047.89","8,018.97","8,081.47","8,018.97","36.29M","0.36%"
"03/20/2019","8,018.97","7,947.65","8,061.18","7,939.63","24.06M","0.90%"
"03/19/2019","7,947.65","7,883.39","7,947.65","7,880.14","16.90M","0.82%"
"03/18/2019","7,883.39","7,861.83","7,917.76","7,861.83","17.29M","0.27%"
"03/15/2019","7,861.83","7,858.18","7,935.07","7,858.18","19.99M","0.05%"
"03/14/2019","7,858.18","7,857.52","7,902.40","7,838.73","5.56M","0.01%"
"03/13/2019","7,857.52","7,905.62","7,905.96","7,834.04","13.91M","-0.61%"
"03/12/2019","7,905.62","7,935.54","7,950.94","7,886.31","23.75M","-0.38%"
"03/11/2019","7,935.54","7,844.33","7,949.87","7,844.33","6.58M","1.16%"
"03/08/2019","7,844.33","7,868.03","7,900.99","7,844.33","14.52M","-0.30%"
"03/07/2019","7,868.03","7,917.90","7,925.30","7,837.05","15.58M","-0.63%"
"03/06/2019","7,917.90","7,914.44","7,984.58","7,891.20","23.23M","0.04%"
"03/05/2019","7,914.44","7,803.75","7,914.44","7,803.75","21.30M","1.42%"
"03/04/2019","7,803.75","7,663.49","7,803.75","7,656.64","12.26M","1.83%"
"03/01/2019","7,663.49","7,675.21","7,726.80","7,661.34","20.98M","-0.15%"
"02/28/2019","7,675.21","7,668.80","7,706.88","7,617.90","15.45M","0.08%"
"02/27/2019","7,668.80","7,775.17","7,775.17","7,668.80","5.68M","-1.37%"
"02/26/2019","7,775.17","7,772.07","7,775.30","7,725.63","20.13M","0.04%"
"02/25/2019","7,772.07","7,766.87","7,821.89","7,751.20","6.47M","0.07%"
"02/22/2019","7,766.87","7,856.01","7,881.87","7,759.22","7.52M","-1.13%"
"02/21/2019","7,856.01","7,749.20","7,860.20","7,718.27","18.94M","1.38%"
"02/20/2019","7,749.20","7,728.30","7,788.85","7,687.85","18.44M","0.27%"
"02/19/2019","7,728.30","7,764.01","7,764.01","7,724.39","10.80M","-0.46%"
"02/18/2019","7,764.01","7,657.08","7,764.01","7,657.08","13.70M","1.40%"
"02/15/2019","7,657.08","7,642.10","7,708.75","7,637.46","41.39M","0.20%"
"02/14/2019","7,642.10","7,678.92","7,738.60","7,638.12","17.90M","-0.48%"
"02/13/2019","7,678.92","7,523.83","7,696.53","7,523.83","36.82M","2.06%"
"02/12/2019","7,523.83","7,371.61","7,523.83","7,371.61","15.42M","2.06%"
"02/11/2019","7,371.61","7,556.53","7,571.17","7,338.00","23.99M","-2.45%"
"02/08/2019","7,556.53","7,533.85","7,580.52","7,475.10","49.70M","0.30%"
"02/07/2019","7,533.85","7,442.73","7,582.60","7,442.73","44.92M","1.22%"
"02/06/2019","7,442.73","7,407.54","7,476.38","7,405.84","21.82M","0.48%"
"02/05/2019","7,407.54","7,294.19","7,422.32","7,294.19","19.51M","1.55%"
"02/04/2019","7,294.19","7,030.47","7,307.09","7,026.92","48.10M","3.75%"
"02/01/2019","7,030.47","6,950.84","7,042.81","6,940.70","9.10M","1.15%"
"01/31/2019","6,950.84","7,043.64","7,100.03","6,950.84","34.26M","-1.32%"
"01/30/2019","7,043.64","6,948.96","7,044.35","6,934.70","34.14M","1.36%"
"01/29/2019","6,948.96","7,005.96","7,022.00","6,896.39","24.02M","-0.81%"
"01/28/2019","7,005.96","7,053.67","7,105.05","6,985.41","10.10M","-0.68%"
"01/25/2019","7,053.67","7,141.56","7,177.53","7,013.87","26.03M","-1.23%"
"01/23/2019","7,141.56","7,193.28","7,199.59","7,136.61","12.65M","-0.72%"
"01/22/2019","7,193.28","7,159.24","7,195.43","7,108.42","13.16M","0.48%"
"01/21/2019","7,159.24","7,201.43","7,229.12","7,144.71","9.47M","-0.59%"
"01/18/2019","7,201.43","7,184.84","7,316.45","7,184.84","17.96M","0.23%"
"01/17/2019","7,184.84","7,077.10","7,208.13","7,063.60","10.98M","1.52%"
"01/16/2019","7,077.10","7,060.24","7,145.34","7,009.58","21.49M","0.24%"
"01/15/2019","7,060.24","6,934.35","7,060.24","6,771.68","73.83M","1.82%"
"01/14/2019","6,934.35","7,240.73","7,283.71","6,919.68","44.13M","-4.23%"
"01/11/2019","7,240.73","7,390.87","7,420.64","7,239.33","20.04M","-2.03%"
"01/10/2019","7,390.87","7,451.23","7,498.72","7,381.96","34.81M","-0.81%"
"01/09/2019","7,451.23","7,484.70","7,558.82","7,451.23","41.83M","-0.45%"
"01/08/2019","7,484.70","7,683.07","7,708.36","7,484.70","30.78M","-2.58%"
"01/07/2019","7,683.07","7,665.19","7,721.43","7,652.29","15.89M","0.23%"
"01/04/2019","7,665.19","7,471.10","7,674.61","7,471.10","28.60M","2.60%"
"01/03/2019","7,471.10","7,383.68","7,505.09","7,383.68","13.15M","1.18%"
"12/31/2018","7,383.68","7,415.91","7,440.85","7,376.66","6.29M","-0.43%"
"12/28/2018","7,415.91","7,443.58","7,470.20","7,380.42","27.00M","-0.37%"
"12/27/2018","7,443.58","7,452.99","7,655.84","7,432.30","22.11M","-0.13%"
"12/24/2018","7,452.99","6,961.86","7,512.54","6,925.06","37.41M","7.05%"
"12/21/2018","6,961.86","7,332.71","7,354.14","6,961.86","47.04M","-5.06%"
"12/20/2018","7,332.71","7,475.22","7,543.11","7,162.80","102.65M","-1.91%"
"12/19/2018","7,475.22","8,419.19","8,419.19","7,379.80","213.78M","-11.21%"
"12/18/2018","8,419.19","8,524.69","8,540.89","8,400.60","33.76M","-1.24%"
"12/17/2018","8,524.69","8,574.48","8,580.72","8,501.39","20.78M","-0.58%"
"12/14/2018","8,574.48","8,588.43","8,588.72","8,550.28","3.41M","-0.16%"
"12/13/2018","8,588.43","8,567.83","8,588.43","8,544.32","20.75M","0.24%"
"12/12/2018","8,567.83","8,581.09","8,585.56","8,537.33","28.13M","-0.15%"
"12/11/2018","8,581.09","8,558.55","8,607.08","8,555.91","10.70M","0.26%"
"12/10/2018","8,558.55","8,684.75","8,692.27","8,558.55","18.97M","-1.45%"
"12/07/2018","8,684.75","8,656.79","8,701.25","8,656.31","7.84M","0.32%"
"12/06/2018","8,656.79","8,749.59","8,749.59","8,656.79","13.08M","-1.06%"
"12/05/2018","8,749.59","8,786.58","8,786.72","8,697.30","4.52M","-0.42%"
"12/04/2018","8,786.58","8,751.93","8,788.60","8,693.91","10.63M","0.40%"
"12/03/2018","8,751.93","8,665.36","8,751.93","8,665.17","20.04M","1.00%"
"11/29/2018","8,665.36","8,578.29","8,665.36","8,578.29","22.36M","1.02%"
"11/28/2018","8,578.29","8,573.96","8,597.54","8,568.87","7.99M","0.05%"
"11/27/2018","8,573.96","8,515.53","8,577.46","8,508.64","26.02M","0.69%"
"11/26/2018","8,515.53","8,522.78","8,524.75","8,477.40","11.59M","-0.09%"
"11/23/2018","8,522.78","8,514.96","8,523.98","8,467.14","45.89M","0.09%"
"11/22/2018","8,514.96","8,535.50","8,536.46","8,491.42","15.88M","-0.24%"
"11/21/2018","8,535.50","8,499.23","8,535.50","8,464.13","18.73M","0.43%"
"11/20/2018","8,499.23","8,566.30","8,568.12","8,499.23","11.01M","-0.78%"
"11/19/2018","8,566.30","8,574.88","8,574.88","8,537.32","6.21M","-0.10%"
"11/16/2018","8,574.88","8,573.66","8,593.79","8,534.59","4.61M","0.01%"
"11/15/2018","8,573.66","8,550.55","8,592.51","8,522.46","6.02M","0.27%"
"11/14/2018","8,550.55","8,670.05","8,670.05","8,545.00","7.35M","-1.38%"
"11/13/2018","8,670.05","8,661.23","8,678.39","8,613.67","9.45M","0.10%"
"11/12/2018","8,661.23","8,657.22","8,689.23","8,645.00","3.08M","0.05%"
"11/09/2018","8,657.22","8,571.53","8,669.40","8,570.19","145.45M","1.00%"
"11/08/2018","8,571.53","8,671.98","8,691.26","8,571.53","6.98M","-1.16%"
"11/07/2018","8,671.98","8,618.62","8,675.99","8,610.80","22.64M","0.62%"
"11/06/2018","8,618.62","8,573.48","8,620.92","8,565.14","38.55M","0.53%"
"11/05/2018","8,573.48","8,563.37","8,590.76","8,563.37","13.16M","0.12%"
"11/02/2018","8,563.37","8,560.18","8,573.74","8,534.63","10.97M","0.04%"
"11/01/2018","8,560.18","8,519.21","8,567.60","8,519.21","5.49M","0.48%"
"10/31/2018","8,519.21","8,489.68","8,563.35","8,489.68","49.36M","0.35%"
"10/30/2018","8,489.68","8,504.83","8,551.61","8,488.29","8.32M","-0.18%"
"10/29/2018","8,504.83","8,412.36","8,516.81","8,412.36","18.06M","1.10%"
"10/26/2018","8,412.36","8,497.16","8,540.91","8,402.58","16.44M","-1.00%"
"10/25/2018","8,497.16","8,626.14","8,626.14","8,472.16","31.88M","-1.50%"
"10/24/2018","8,626.14","8,641.52","8,643.60","8,590.51","28.27M","-0.18%"
"10/23/2018","8,641.52","8,615.95","8,641.52","8,585.16","26.75M","0.30%"
"10/22/2018","8,615.95","8,600.27","8,636.95","8,584.29","22.49M","0.18%"
"10/19/2018","8,600.27","8,599.66","8,618.36","8,569.10","44.26M","0.01%"
"10/18/2018","8,599.66","8,670.30","8,677.01","8,599.50","43.44M","-0.81%"
"10/17/2018","8,670.30","8,560.32","8,670.30","8,545.75","34.73M","1.28%"
"10/16/2018","8,560.32","8,441.69","8,561.71","8,441.69","19.05M","1.41%"
"10/15/2018","8,441.69","8,393.90","8,460.08","8,391.98","18.48M","0.57%"
"10/12/2018","8,393.90","8,401.96","8,409.24","8,368.04","22.26M","-0.10%"
"10/11/2018","8,401.96","8,487.88","8,487.88","8,336.01","22.75M","-1.01%"
"10/10/2018","8,487.88","8,545.34","8,568.44","8,487.88","4.83M","-0.67%"
"10/09/2018","8,545.34","8,521.11","8,548.99","8,513.52","7.10M","0.28%"
"10/08/2018","8,521.11","8,554.15","8,577.76","8,519.35","5.01M","-0.39%"
"10/05/2018","8,554.15","8,512.01","8,580.70","8,505.77","17.51M","0.50%"
"10/04/2018","8,512.01","8,490.84","8,525.17","8,488.65","13.91M","0.25%"
"10/03/2018","8,490.84","8,511.54","8,556.12","8,485.15","17.50M","-0.24%"
"10/02/2018","8,511.54","8,441.26","8,511.54","8,429.94","25.11M","0.83%"
"10/01/2018","8,441.26","8,412.72","8,444.89","8,412.72","9.87M","0.34%"
"09/28/2018","8,412.72","8,446.41","8,457.44","8,404.65","10.01M","-0.40%"
"09/27/2018","8,446.41","8,374.90","8,450.58","8,356.17","16.55M","0.85%"
"09/26/2018","8,374.90","8,378.04","8,379.08","8,354.01","15.95M","-0.04%"
"09/25/2018","8,378.04","8,377.37","8,388.22","8,326.16","17.28M","0.01%"
"09/24/2018","8,377.37","8,382.72","8,427.97","8,361.61","22.41M","-0.06%"
"09/21/2018","8,382.72","8,354.33","8,418.71","8,337.49","100.37M","0.34%"
"09/20/2018","8,354.33","8,294.54","8,357.11","8,281.28","45.10M","0.72%"
"09/19/2018","8,294.54","8,286.98","8,314.70","8,262.45","11.14M","0.09%"
"09/18/2018","8,286.98","8,170.91","8,286.98","8,165.73","33.61M","1.42%"
"09/17/2018","8,170.91","8,162.69","8,185.52","8,156.47","30.60M","0.10%"
"09/14/2018","8,162.69","8,206.00","8,223.39","8,158.51","17.50M","-0.53%"
"09/13/2018","8,206.00","8,261.86","8,280.59","8,200.06","66.58M","-0.68%"
"09/12/2018","8,261.86","8,282.11","8,304.11","8,259.10","4.36M","-0.24%"
"09/11/2018","8,282.11","8,331.45","8,331.45","8,282.11","25.66M","-0.59%"
"09/10/2018","8,331.45","8,304.71","8,336.57","8,281.62","6.16M","0.32%"
"09/07/2018","8,304.71","8,321.09","8,332.88","8,297.32","20.00M","-0.20%"
"09/06/2018","8,321.09","8,313.26","8,353.10","8,313.26","15.16M","0.09%"
"09/05/2018","8,313.26","8,346.07","8,346.07","8,304.70","13.36M","-0.39%"
"09/04/2018","8,346.07","8,309.44","8,346.24","8,305.58","5.24M","0.44%"
"09/03/2018","8,309.44","8,274.54","8,355.69","8,274.54","7.17M","0.42%"
"08/31/2018","8,274.54","8,342.44","8,350.69","8,274.54","20.74M","-0.81%"
"08/30/2018","8,342.44","8,332.93","8,369.34","8,309.91","15.45M","0.11%"
"08/29/2018","8,332.93","8,373.53","8,378.91","8,329.18","6.46M","-0.48%"
"08/28/2018","8,373.53","8,301.28","8,373.53","8,267.72","21.65M","0.87%"
"08/27/2018","8,301.28","8,271.66","8,306.78","8,260.05","8.35M","0.36%"
"08/24/2018","8,271.66","8,207.23","8,283.90","8,197.28","7.61M","0.79%"
"08/23/2018","8,207.23","8,189.52","8,207.23","8,172.29","4.31M","0.22%"
"08/22/2018","8,189.52","8,211.84","8,239.00","8,188.12","10.95M","-0.27%"
"08/21/2018","8,211.84","8,234.80","8,238.96","8,188.68","40.32M","-0.28%"
"08/20/2018","8,234.80","8,185.49","8,242.26","8,183.19","9.01M","0.60%"
"08/17/2018","8,185.49","8,127.85","8,186.88","8,127.85","21.09M","0.71%"
"08/16/2018","8,127.85","8,084.04","8,161.53","8,072.62","25.56M","0.54%"
"08/14/2018","8,084.04","8,095.38","8,126.39","8,077.73","41.76M","-0.14%"
"08/13/2018","8,095.38","8,154.49","8,183.18","8,085.67","23.28M","-0.72%"
"08/10/2018","8,154.49","8,203.98","8,214.80","8,135.38","15.61M","-0.60%"
"08/09/2018","8,203.98","8,231.38","8,243.02","8,189.63","28.36M","-0.33%"
"08/08/2018","8,231.38","8,189.94","8,239.97","8,179.74","18.61M","0.51%"
"08/07/2018","8,189.94","8,187.05","8,205.80","8,162.36","5.38M","0.04%"
"08/06/2018","8,187.05","8,088.71","8,195.08","8,071.01","7.59M","1.22%"
"08/03/2018","8,088.71","7,994.11","8,088.71","7,994.11","6.44M","1.18%"
"08/02/2018","7,994.11","8,012.24","8,074.50","7,972.08","13.16M","-0.23%"
"08/01/2018","8,012.24","7,977.74","8,050.96","7,977.74","13.18M","0.43%"
"07/31/2018","7,977.74","8,060.24","8,085.71","7,977.74","10.48M","-1.02%"
"07/30/2018","8,060.24","8,040.78","8,098.41","8,040.78","9.10M","0.24%"
"07/27/2018","8,040.78","8,016.71","8,049.96","8,013.90","5.57M","0.30%"
"07/26/2018","8,016.71","7,953.86","8,020.90","7,953.86","8.19M","0.79%"
"07/25/2018","7,953.86","7,954.72","7,975.42","7,929.82","5.24M","-0.01%"
"07/24/2018","7,954.72","7,949.39","7,968.03","7,932.55","7.55M","0.07%"
"07/23/2018","7,949.39","7,898.09","7,976.77","7,898.09","4.60M","0.65%"
"07/20/2018","7,898.09","7,863.76","7,951.21","7,848.11","19.51M","0.44%"
"07/19/2018","7,863.76","7,990.15","7,990.15","7,850.84","20.51M","-1.58%"
"07/18/2018","7,990.15","8,005.25","8,031.89","7,985.76","2.19M","-0.19%"
"07/17/2018","8,005.25","7,984.18","8,036.93","7,984.18","11.90M","0.26%"
"07/16/2018","7,984.18","7,933.45","7,995.76","7,928.72","9.68M","0.64%"
"07/13/2018","7,933.45","7,920.42","7,948.26","7,920.04","2.59M","0.16%"
"07/12/2018","7,920.42","7,892.87","7,947.87","7,892.87","6.06M","0.35%"
"07/11/2018","7,892.87","7,876.10","7,931.86","7,857.69","10.69M","0.21%"
"07/10/2018","7,876.10","7,865.40","7,898.98","7,849.03","14.18M","0.14%"
"07/09/2018","7,865.40","7,835.34","7,880.63","7,833.84","3.93M","0.38%"
"07/06/2018","7,835.34","7,814.50","7,858.03","7,812.57","7.17M","0.27%"
"07/05/2018","7,814.50","7,899.99","7,903.57","7,751.77","7.93M","-1.08%"
"07/04/2018","7,899.99","7,943.05","8,015.77","7,898.60","12.44M","-0.54%"
"07/03/2018","7,943.05","8,020.17","8,093.52","7,943.05","21.27M","-0.96%"
"07/02/2018","8,020.17","8,087.01","8,132.02","8,020.17","7.55M","-0.83%"
"06/29/2018","8,087.01","7,990.67","8,118.77","7,990.67","23.60M","1.21%"
"06/28/2018","7,990.67","7,940.99","8,008.60","7,897.97","14.34M","0.63%"
"06/27/2018","7,940.99","7,965.38","7,992.45","7,913.56","23.04M","-0.31%"
"06/26/2018","7,965.38","7,965.65","7,995.61","7,958.46","11.56M","0.00%"
"06/25/2018","7,965.65","8,108.84","8,119.10","7,947.84","8.89M","-1.77%"
"06/22/2018","8,108.84","8,124.00","8,137.67","8,068.85","5.13M","-0.19%"
"06/21/2018","8,124.00","8,135.47","8,150.20","8,092.82","17.06M","-0.14%"
"06/20/2018","8,135.47","8,087.71","8,135.47","8,054.55","8.16M","0.59%"
"06/19/2018","8,087.71","8,163.77","8,177.22","8,087.71","9.71M","-0.93%"
"06/18/2018","8,163.77","8,201.28","8,252.79","8,163.77","5.04M","-0.46%"
"06/15/2018","8,201.28","8,165.00","8,244.06","8,164.81","7.18M","0.44%"
"06/14/2018","8,165.00","8,292.54","8,300.02","8,160.81","5.91M","-1.54%"
"06/13/2018","8,292.54","8,292.01","8,320.54","8,281.59","6.78M","0.01%"
"06/12/2018","8,292.01","8,257.51","8,302.30","8,257.51","7.61M","0.42%"
"06/11/2018","8,257.51","8,253.12","8,279.33","8,247.65","12.64M","0.05%"
"06/08/2018","8,253.12","8,284.58","8,285.52","8,166.05","11.29M","-0.38%"
"06/07/2018","8,284.58","8,289.31","8,291.66","8,246.33","20.21M","-0.06%"
"06/06/2018","8,289.31","8,250.17","8,289.31","8,223.96","17.45M","0.47%"
"06/05/2018","8,250.17","8,093.25","8,259.20","8,085.89","21.05M","1.94%"
"06/04/2018","8,093.25","8,080.10","8,131.41","7,996.70","14.28M","0.16%"
"05/31/2018","8,080.10","8,018.66","8,221.94","7,961.09","18.98M","0.77%"
"05/30/2018","8,018.66","8,201.96","8,204.56","7,992.30","20.44M","-2.23%"
"05/29/2018","8,201.96","8,263.10","8,300.56","8,201.16","16.71M","-0.74%"
"05/25/2018","8,263.10","8,264.44","8,301.46","8,259.39","7.90M","-0.02%"
"05/24/2018","8,264.44","8,345.65","8,368.89","8,263.83","7.69M","-0.97%"
"05/23/2018","8,345.65","8,429.08","8,444.99","8,334.67","9.06M","-0.99%"
"05/22/2018","8,429.08","8,260.86","8,442.64","8,260.51","14.10M","2.04%"
"05/21/2018","8,260.86","8,409.70","8,409.70","8,238.09","22.81M","-1.77%"
"05/18/2018","8,409.70","8,511.49","8,561.65","8,376.32","14.49M","-1.20%"
"05/17/2018","8,511.49","8,576.50","8,640.86","8,511.49","37.15M","-0.76%"
"05/16/2018","8,576.50","8,680.35","8,706.39","8,569.92","11.81M","-1.20%"
"05/15/2018","8,680.35","8,755.58","8,774.03","8,643.55","6.55M","-0.86%"
"05/14/2018","8,755.58","8,775.91","8,814.78","8,748.87","1.90M","-0.23%"
"05/11/2018","8,775.91","8,811.22","8,836.63","8,767.51","17.44M","-0.40%"
"05/10/2018","8,811.22","8,750.27","8,825.12","8,749.98","11.79M","0.70%"
"05/09/2018","8,750.27","8,762.92","8,801.30","8,735.87","33.12M","-0.14%"
"05/08/2018","8,762.92","8,849.35","8,867.56","8,744.79","14.87M","-0.98%"
"05/07/2018","8,849.35","8,788.32","8,868.00","8,788.32","35.17M","0.69%"
"05/04/2018","8,788.32","8,705.10","8,797.22","8,702.71","1.75M","0.96%"
"05/03/2018","8,705.10","8,731.02","8,796.11","8,695.34","6.81M","-0.30%"
"05/02/2018","8,731.02","8,713.14","8,777.45","8,713.14","12.15M","0.21%"
"04/30/2018","8,713.14","8,780.22","8,827.05","8,713.14","5.15M","-0.76%"
"04/27/2018","8,780.22","8,906.42","8,944.32","8,741.97","18.17M","-1.42%"
"04/26/2018","8,906.42","9,006.10","9,048.97","8,906.42","10.38M","-1.11%"
"04/25/2018","9,006.10","9,005.21","9,015.61","8,994.23","43.51M","0.01%"
"04/24/2018","9,005.21","8,957.03","9,005.21","8,957.03","18.40M","0.54%"
"04/23/2018","8,957.03","8,920.49","8,964.14","8,913.84","28.83M","0.41%"
"04/20/2018","8,920.49","8,952.47","8,955.96","8,913.12","27.94M","-0.36%"
"04/19/2018","8,952.47","8,933.46","8,963.11","8,916.97","19.02M","0.21%"
"04/18/2018","8,933.46","8,926.65","8,945.65","8,915.83","9.13M","0.08%"
"04/17/2018","8,926.65","8,903.60","8,931.69","8,885.01","10.08M","0.26%"
"04/16/2018","8,903.60","8,871.04","8,925.23","8,871.04","4.28M","0.37%"
"04/13/2018","8,871.04","8,928.03","8,940.52","8,842.94","9.65M","-0.64%"
"04/12/2018","8,928.03","8,828.34","8,928.03","8,827.00","24.56M","1.13%"
"04/11/2018","8,828.34","8,841.74","8,878.92","8,799.93","29.38M","-0.15%"
"04/10/2018","8,841.74","8,861.11","8,869.79","8,836.37","38.59M","-0.22%"
"04/05/2018","8,861.11","8,756.18","8,861.11","8,755.83","26.69M","1.20%"
"04/04/2018","8,756.18","8,764.69","8,776.14","8,717.18","9.97M","-0.10%"
"04/03/2018","8,764.69","8,769.26","8,769.26","8,702.18","22.21M","-0.05%"
"04/02/2018","8,769.26","8,714.17","8,769.26","8,698.20","2.14M","0.63%"
"03/30/2018","8,714.17","8,680.28","8,735.40","8,678.94","985.17K","0.39%"
"03/29/2018","8,680.28","8,726.88","8,736.24","8,680.28","26.84M","-0.53%"
"03/28/2018","8,726.88","8,740.63","8,755.31","8,681.37","13.70M","-0.16%"
"03/27/2018","8,740.63","8,722.84","8,783.55","8,711.96","29.45M","0.20%"
"03/26/2018","8,722.84","8,660.99","8,734.25","8,638.34","23.50M","0.71%"
"03/23/2018","8,660.99","8,643.85","8,665.82","8,561.06","32.96M","0.20%"
"03/22/2018","8,643.85","8,790.59","8,793.41","8,628.67","37.96M","-1.67%"
"03/21/2018","8,790.59","8,731.99","8,796.99","8,729.86","37.01M","0.67%"
"03/20/2018","8,731.99","8,775.38","8,783.41","8,714.99","24.61M","-0.49%"
"03/19/2018","8,775.38","8,816.96","8,822.06","8,767.76","42.79M","-0.47%"
"03/16/2018","8,816.96","8,687.83","8,816.96","8,686.45","34.40M","1.49%"
"03/15/2018","8,687.83","8,601.51","8,688.33","8,593.32","16.99M","1.00%"
"03/14/2018","8,601.51","8,608.30","8,631.03","8,591.50","9.24M","-0.08%"
"03/13/2018","8,608.30","8,559.15","8,618.95","8,559.15","15.47M","0.57%"
"03/12/2018","8,559.15","8,477.18","8,584.81","8,475.22","13.93M","0.97%"
"03/09/2018","8,477.18","8,471.65","8,484.71","8,459.94","24.19M","0.07%"
"03/08/2018","8,471.65","8,443.16","8,471.94","8,437.85","13.53M","0.34%"
"03/07/2018","8,443.16","8,432.84","8,445.05","8,412.26","15.14M","0.12%"
"03/06/2018","8,432.84","8,384.01","8,439.78","8,384.01","16.74M","0.58%"
"03/05/2018","8,384.01","8,352.22","8,384.01","8,335.26","5.59M","0.38%"
"03/02/2018","8,352.22","8,411.68","8,419.47","8,314.86","13.76M","-0.71%"
"03/01/2018","8,411.68","8,452.41","8,452.41","8,393.31","10.23M","-0.48%"
"02/28/2018","8,452.41","8,415.23","8,452.41","8,378.99","15.33M","0.44%"
"02/27/2018","8,415.23","8,379.01","8,415.23","8,379.01","22.94M","0.43%"
"02/26/2018","8,379.01","8,356.13","8,383.66","8,335.97","21.22M","0.27%"
"02/23/2018","8,356.13","8,290.73","8,356.13","8,283.89","3.64M","0.79%"
"02/22/2018","8,290.73","8,281.28","8,296.30","8,257.62","6.77M","0.11%"
"02/21/2018","8,281.28","8,307.04","8,330.62","8,272.72","6.00M","-0.31%"
"02/20/2018","8,307.04","8,315.03","8,334.71","8,298.32","12.89M","-0.10%"
"02/19/2018","8,315.03","8,328.50","8,344.51","8,301.47","10.97M","-0.16%"
"02/16/2018","8,328.50","8,258.97","8,329.36","8,258.97","10.95M","0.84%"
"02/15/2018","8,258.97","8,167.16","8,296.04","8,165.14","18.70M","1.12%"
"02/14/2018","8,167.16","8,138.07","8,182.67","8,128.94","5.87M","0.36%"
"02/13/2018","8,138.07","8,109.49","8,177.98","8,109.49","10.71M","0.35%"
"02/12/2018","8,109.49","8,002.55","8,138.98","8,002.55","4.80M","1.34%"
"02/09/2018","8,002.55","8,067.56","8,067.56","7,917.22","9.24M","-0.81%"
"02/08/2018","8,067.56","8,014.29","8,082.94","8,008.11","8.72M","0.66%"
"02/07/2018","8,014.29","8,007.41","8,188.56","8,004.09","12.42M","0.09%"
"02/06/2018","8,007.41","8,181.68","8,181.68","7,842.55","26.87M","-2.13%"
"02/05/2018","8,181.68","8,243.25","8,243.52","8,122.89","11.21M","-0.75%"
"02/02/2018","8,243.25","8,318.61","8,340.58","8,227.44","6.69M","-0.91%"
"02/01/2018","8,318.61","8,370.46","8,408.23","8,318.17","8.88M","-0.62%"
"01/31/2018","8,370.46","8,363.37","8,379.61","8,341.50","19.29M","0.08%"
"01/30/2018","8,363.37","8,423.91","8,423.91","8,327.14","13.39M","-0.72%"
"01/29/2018","8,423.91","8,434.44","8,460.92","8,400.40","7.01M","-0.12%"
"01/26/2018","8,434.44","8,413.46","8,450.45","8,406.60","9.47M","0.25%"
"01/25/2018","8,413.46","8,436.41","8,465.91","8,384.70","89.35M","-0.27%"
"01/23/2018","8,436.41","8,490.52","8,507.11","8,420.94","28.79M","-0.64%"
"01/22/2018","8,490.52","8,361.95","8,490.52","8,330.35","16.70M","1.54%"
"01/19/2018","8,361.95","8,374.67","8,380.97","8,347.28","8.66M","-0.15%"
"01/18/2018","8,374.67","8,316.59","8,374.92","8,313.93","10.00M","0.70%"
"01/17/2018","8,316.59","8,233.13","8,316.59","8,231.33","10.26M","1.01%"
"01/16/2018","8,233.13","8,254.85","8,256.48","8,173.01","10.85M","-0.26%"
"01/15/2018","8,254.85","8,269.05","8,269.05","8,209.96","10.04M","-0.17%"
"01/12/2018","8,269.05","8,167.91","8,269.05","8,167.19","27.88M","1.24%"
"01/11/2018","8,167.91","8,034.85","8,171.65","8,034.67","17.00M","1.66%"
"01/10/2018","8,034.85","8,034.76","8,041.70","8,017.26","29.09M","0.00%"
"01/09/2018","8,034.76","7,982.75","8,034.76","7,980.11","13.55M","0.65%"
"01/08/2018","7,982.75","7,985.82","8,010.41","7,938.95","6.59M","-0.04%"
"01/05/2018","7,985.82","7,965.70","8,008.74","7,964.90","19.59M","0.25%"
"01/04/2018","7,965.70","7,910.81","7,965.70","7,901.59","15.55M","0.69%"
"01/03/2018","7,910.81","7,753.74","7,910.81","7,753.74","26.14M","2.03%"
"12/29/2017","7,753.74","7,722.36","7,768.85","7,706.52","4.79M","0.41%"
"12/28/2017","7,722.36","7,722.38","7,746.18","7,709.35","6.59M","0.00%"
"12/27/2017","7,722.38","7,796.52","7,805.45","7,721.81","5.46M","-0.95%"
"12/22/2017","7,796.52","7,794.33","7,823.37","7,783.32","9.95M","0.03%"
"12/21/2017","7,794.33","7,800.40","7,818.08","7,766.16","14.57M","-0.08%"
"12/20/2017","7,800.40","7,769.44","7,813.71","7,769.44","57.92M","0.40%"
"12/19/2017","7,769.44","7,665.49","7,781.00","7,665.49","17.73M","1.36%"
"12/18/2017","7,665.49","7,603.31","7,677.84","7,603.31","106.27M","0.82%"
"12/15/2017","7,603.31","7,587.26","7,648.19","7,570.95","23.01M","0.21%"
"12/14/2017","7,587.26","7,546.07","7,589.12","7,510.75","10.29M","0.55%"
"12/13/2017","7,546.07","7,591.68","7,596.81","7,413.95","29.79M","-0.60%"
"12/12/2017","7,591.68","7,614.51","7,647.71","7,564.63","24.00M","-0.30%"
"12/11/2017","7,614.51","7,693.55","7,708.46","7,614.51","8.31M","-1.03%"
"12/08/2017","7,693.55","7,671.61","7,693.55","7,663.48","9.26M","0.29%"
"12/07/2017","7,671.61","7,670.16","7,709.36","7,636.47","19.40M","0.02%"
"12/06/2017","7,670.16","7,720.17","7,765.11","7,670.16","18.46M","-0.65%"
"12/05/2017","7,720.17","7,782.46","7,807.95","7,720.17","9.29M","-0.80%"
"12/04/2017","7,782.46","7,796.21","7,818.64","7,776.04","30.74M","-0.18%"
"11/29/2017","7,796.21","7,802.62","7,826.15","7,791.90","38.00M","-0.08%"
"11/28/2017","7,802.62","7,737.64","7,808.35","7,737.64","18.86M","0.84%"
"11/27/2017","7,737.64","7,782.80","7,798.82","7,722.07","5.13M","-0.58%"
"11/24/2017","7,782.80","7,778.69","7,832.43","7,777.67","37.03M","0.05%"
"11/23/2017","7,778.69","7,772.96","7,804.31","7,770.43","7.23M","0.07%"
"11/22/2017","7,772.96","7,818.89","7,834.18","7,751.80","11.31M","-0.59%"
"11/21/2017","7,818.89","7,813.85","7,835.50","7,803.26","7.40M","0.06%"
"11/20/2017","7,813.85","7,772.14","7,836.85","7,766.79","9.72M","0.54%"
"11/17/2017","7,772.14","7,716.26","7,774.77","7,716.26","4.22M","0.72%"
"11/16/2017","7,716.26","7,731.54","7,742.00","7,688.69","13.51M","-0.20%"
"11/15/2017","7,731.54","7,804.73","7,839.83","7,720.28","12.01M","-0.94%"
"11/14/2017","7,804.73","7,738.66","7,832.05","7,738.66","19.47M","0.85%"
"11/13/2017","7,738.66","7,771.63","7,804.62","7,738.48","9.48M","-0.42%"
"11/10/2017","7,771.63","7,746.99","7,796.10","7,746.99","19.35M","0.32%"
"11/09/2017","7,746.99","7,777.27","7,794.82","7,735.91","13.48M","-0.39%"
"11/08/2017","7,777.27","7,747.69","7,788.91","7,747.41","14.74M","0.38%"
"11/07/2017","7,747.69","7,784.05","7,787.96","7,723.77","34.11M","-0.47%"
"11/06/2017","7,784.05","7,748.23","7,786.48","7,712.78","13.12M","0.46%"
"11/03/2017","7,748.23","7,776.39","7,825.30","7,740.40","15.29M","-0.36%"
"11/02/2017","7,776.39","7,790.33","7,849.20","7,776.39","5.88M","-0.18%"
"11/01/2017","7,790.33","7,842.76","7,860.21","7,790.33","21.03M","-0.67%"
"10/31/2017","7,842.76","7,845.51","7,854.70","7,804.23","17.12M","-0.04%"
"10/30/2017","7,845.51","7,857.79","7,872.08","7,806.97","13.12M","-0.16%"
"10/27/2017","7,857.79","7,879.53","7,889.99","7,837.68","7.31M","-0.28%"
"10/26/2017","7,879.53","7,880.70","7,893.79","7,864.47","17.85M","-0.01%"
"10/25/2017","7,880.70","7,890.90","7,897.56","7,839.54","11.80M","-0.13%"
"10/24/2017","7,890.90","7,900.58","7,919.19","7,871.28","12.19M","-0.12%"
"10/23/2017","7,900.58","7,933.48","7,952.73","7,900.58","15.57M","-0.41%"
"10/20/2017","7,933.48","8,005.77","8,035.27","7,933.48","5.46M","-0.90%"
"10/19/2017","8,005.77","8,053.35","8,067.94","8,002.34","15.54M","-0.59%"
"10/18/2017","8,053.35","8,063.80","8,072.75","8,039.86","16.81M","-0.13%"
"10/17/2017","8,063.80","8,032.38","8,073.15","8,030.52","18.04M","0.39%"
"10/16/2017","8,032.38","8,034.96","8,048.46","8,025.56","18.90M","-0.03%"
"10/13/2017","8,034.96","7,997.22","8,044.08","7,997.22","16.87M","0.47%"
"10/12/2017","7,997.22","8,004.84","8,014.18","7,991.20","6.12M","-0.10%"
"10/11/2017","8,004.84","8,022.51","8,022.65","7,984.95","11.00M","-0.22%"
"10/10/2017","8,022.51","8,006.37","8,032.57","7,996.71","20.48M","0.20%"
"10/09/2017","8,006.37","7,984.32","8,026.03","7,981.81","8.61M","0.28%"
"10/06/2017","7,984.32","7,904.62","7,993.03","7,895.81","13.81M","1.01%"
"10/05/2017","7,904.62","7,888.66","7,917.65","7,883.63","5.06M","0.20%"
"10/04/2017","7,888.66","7,888.01","7,917.81","7,795.71","8.89M","0.01%"
"10/03/2017","7,888.01","7,894.26","7,929.94","7,888.01","4.20M","-0.08%"
"10/02/2017","7,894.26","7,877.92","7,937.74","7,869.69","9.58M","0.21%"
"09/29/2017","7,877.92","7,934.63","7,951.97","7,876.04","21.32M","-0.71%"
"09/28/2017","7,934.63","7,914.24","7,936.62","7,893.24","12.40M","0.26%"
"09/27/2017","7,914.24","7,942.50","7,991.96","7,901.24","12.02M","-0.36%"
"09/26/2017","7,942.50","7,888.64","7,942.50","7,888.64","49.03M","0.68%"
"09/25/2017","7,888.64","7,848.10","7,898.49","7,838.06","61.86M","0.52%"
"09/22/2017","7,848.10","7,886.13","7,913.16","7,843.88","17.67M","-0.48%"
"09/21/2017","7,886.13","7,918.05","7,919.92","7,882.71","38.13M","-0.40%"
"09/20/2017","7,918.05","7,977.03","7,981.76","7,893.17","43.89M","-0.74%"
"09/19/2017","7,977.03","7,995.97","8,039.59","7,963.58","14.61M","-0.24%"
"09/18/2017","7,995.97","8,013.32","8,089.00","7,992.84","6.77M","-0.22%"
"09/15/2017","8,013.32","8,024.04","8,091.26","8,013.32","10.39M","-0.13%"
"09/14/2017","8,024.04","8,040.06","8,068.53","8,018.21","8.58M","-0.20%"
"09/13/2017","8,040.06","8,009.44","8,064.85","8,009.44","23.12M","0.38%"
"09/12/2017","8,009.44","8,058.72","8,085.67","8,004.74","20.65M","-0.61%"
"09/11/2017","8,058.72","7,862.15","8,058.72","7,862.15","19.55M","2.50%"
"09/08/2017","7,862.15","7,978.62","7,979.87","7,767.04","62.02M","-1.46%"
"09/07/2017","7,978.62","8,015.73","8,055.99","7,969.58","9.54M","-0.46%"
"09/06/2017","8,015.73","8,057.58","8,062.66","8,010.73","10.84M","-0.52%"
"09/05/2017","8,057.58","8,028.54","8,095.85","8,028.54","6.63M","0.36%"
"09/04/2017","8,028.54","8,119.76","8,138.65","8,028.54","7.89M","-1.12%"
"09/01/2017","8,119.76","8,052.03","8,181.62","8,052.03","14.96M","0.84%"
"08/31/2017","8,052.03","8,226.60","8,271.35","8,019.00","43.94M","-2.12%"
"08/30/2017","8,226.60","8,307.53","8,337.49","8,206.00","13.11M","-0.97%"
"08/29/2017","8,307.53","8,363.14","8,363.37","8,272.55","4.64M","-0.66%"
"08/28/2017","8,363.14","8,378.93","8,382.70","8,338.76","1.76M","-0.19%"
"08/25/2017","8,378.93","8,348.76","8,397.31","8,341.94","2.92M","0.36%"
"08/24/2017","8,348.76","8,352.09","8,367.29","8,325.82","4.15M","-0.04%"
"08/23/2017","8,352.09","8,351.58","8,355.56","8,329.56","10.97M","0.01%"
"08/22/2017","8,351.58","8,317.95","8,368.67","8,297.92","11.99M","0.40%"
"08/21/2017","8,317.95","8,302.86","8,350.05","8,301.51","3.81M","0.18%"
"08/18/2017","8,302.86","8,332.36","8,342.77","8,300.46","19.57M","-0.35%"
"08/17/2017","8,332.36","8,292.20","8,359.27","8,292.20","33.36M","0.48%"
"08/16/2017","8,292.20","8,334.28","8,344.84","8,250.71","13.44M","-0.50%"
"08/14/2017","8,334.28","8,317.31","8,345.15","8,309.59","8.16M","0.20%"
"08/11/2017","8,317.31","8,331.22","8,376.62","8,287.05","11.13M","-0.17%"
"08/10/2017","8,331.22","8,395.13","8,454.27","8,331.22","9.14M","-0.76%"
"08/09/2017","8,395.13","8,454.63","8,504.87","8,391.30","11.86M","-0.70%"
"08/08/2017","8,454.63","8,373.74","8,465.52","8,373.74","8.49M","0.97%"
"08/07/2017","8,373.74","8,328.92","8,379.13","8,314.29","7.51M","0.54%"
"08/04/2017","8,328.92","8,340.84","8,359.60","8,319.30","6.24M","-0.14%"
"08/03/2017","8,340.84","8,299.22","8,357.20","8,298.87","9.69M","0.50%"
"08/02/2017","8,299.22","8,285.16","8,334.46","8,285.16","10.67M","0.17%"
"08/01/2017","8,285.16","8,276.55","8,322.34","8,276.55","5.93M","0.10%"
"07/31/2017","8,276.55","8,303.03","8,369.84","8,276.55","20.03M","-0.32%"
"07/28/2017","8,303.03","8,319.57","8,335.52","8,303.03","6.69M","-0.20%"
"07/27/2017","8,319.57","8,323.40","8,342.51","8,305.91","4.30M","-0.05%"
"07/26/2017","8,323.40","8,328.73","8,350.85","8,313.78","4.81M","-0.06%"
"07/25/2017","8,328.73","8,340.23","8,346.17","8,312.90","11.79M","-0.14%"
"07/24/2017","8,340.23","8,374.71","8,397.07","8,315.69","8.25M","-0.41%"
"07/21/2017","8,374.71","8,369.11","8,410.77","8,363.59","41.65M","0.07%"
"07/20/2017","8,369.11","8,268.77","8,372.75","8,268.77","36.96M","1.21%"
"07/19/2017","8,268.77","8,212.75","8,273.42","8,212.75","9.95M","0.68%"
"07/18/2017","8,212.75","8,155.34","8,225.54","8,152.86","9.64M","0.70%"
"07/17/2017","8,155.34","8,132.73","8,226.04","8,132.73","6.01M","0.28%"
"07/14/2017","8,132.73","8,160.99","8,162.47","8,128.63","4.36M","-0.35%"
"07/13/2017","8,160.99","8,171.96","8,190.92","8,137.88","9.59M","-0.13%"
"07/12/2017","8,171.96","8,157.81","8,171.96","8,139.83","7.23M","0.17%"
"07/11/2017","8,157.81","8,112.16","8,157.95","8,108.51","14.19M","0.56%"
"07/10/2017","8,112.16","8,044.79","8,128.25","8,044.79","4.46M","0.84%"
"07/07/2017","8,044.79","8,079.23","8,125.50","8,044.79","6.14M","-0.43%"
"07/06/2017","8,079.23","8,142.40","8,199.06","8,079.23","10.87M","-0.78%"
"07/05/2017","8,142.40","7,928.67","8,142.98","7,928.67","10.29M","2.70%"
"07/04/2017","7,928.67","7,856.03","7,931.31","7,769.55","7.45M","0.92%"
"07/03/2017","7,856.03","7,855.36","7,951.40","7,849.57","8.48M","0.01%"
"06/30/2017","7,855.36","7,855.66","8,032.40","7,843.34","20.72M","0.00%"
"06/29/2017","7,855.66","8,168.37","8,168.37","7,792.30","31.79M","-3.83%"
"06/28/2017","8,168.37","8,204.71","8,208.25","8,160.90","7.83M","-0.44%"
"06/27/2017","8,204.71","8,237.58","8,251.16","8,157.23","4.85M","-0.40%"
"06/26/2017","8,237.58","8,347.55","8,360.09","8,230.52","13.05M","-1.32%"
"06/23/2017","8,347.55","8,336.85","8,364.07","8,332.67","8.13M","0.13%"
"06/22/2017","8,336.85","8,374.51","8,377.39","8,324.35","2.94M","-0.45%"
"06/21/2017","8,374.51","8,376.50","8,405.39","8,308.04","15.22M","-0.02%"
"06/20/2017","8,376.50","8,412.25","8,450.05","8,374.72","8.06M","-0.42%"
"06/19/2017","8,412.25","8,467.67","8,492.33","8,390.01","15.84M","-0.65%"
"06/16/2017","8,467.67","8,406.29","8,488.61","8,406.29","19.35M","0.73%"
"06/15/2017","8,406.29","8,477.12","8,477.12","8,397.48","8.39M","-0.84%"
"06/14/2017","8,477.12","8,446.23","8,495.90","8,445.86","19.17M","0.37%"
"06/13/2017","8,446.23","8,451.20","8,474.99","8,431.66","14.66M","-0.06%"
"06/12/2017","8,451.20","8,515.40","8,542.79","8,386.67","13.05M","-0.75%"
"06/09/2017","8,515.40","8,673.56","8,674.72","8,502.46","14.35M","-1.82%"
"06/08/2017","8,673.56","8,686.62","8,699.44","8,650.65","23.07M","-0.15%"
"06/07/2017","8,686.62","8,707.43","8,717.08","8,666.23","24.50M","-0.24%"
"06/06/2017","8,707.43","8,769.41","8,786.61","8,653.31","22.53M","-0.71%"
"05/31/2017","8,769.41","8,688.50","8,769.41","8,664.03","14.18M","0.93%"
"05/30/2017","8,688.50","8,673.50","8,729.07","8,673.50","13.55M","0.17%"
"05/29/2017","8,673.50","8,647.49","8,677.28","8,633.84","19.93M","0.30%"
"05/26/2017","8,647.49","8,590.18","8,650.43","8,584.20","19.04M","0.67%"
"05/25/2017","8,590.18","8,549.06","8,599.02","8,549.06","23.23M","0.48%"
"05/24/2017","8,549.06","8,508.28","8,568.20","8,508.28","13.81M","0.48%"
"05/23/2017","8,508.28","8,504.31","8,524.31","8,480.19","12.11M","0.05%"
"05/22/2017","8,504.31","8,485.60","8,504.31","8,425.18","20.51M","0.22%"
"05/19/2017","8,485.60","8,430.33","8,493.24","8,430.33","27.42M","0.66%"
"05/18/2017","8,430.33","8,456.61","8,469.44","8,397.92","20.76M","-0.31%"
"05/17/2017","8,456.61","8,454.74","8,493.78","8,440.77","11.88M","0.02%"
"05/16/2017","8,454.74","8,460.29","8,500.60","8,447.93","35.83M","-0.07%"
"05/15/2017","8,460.29","8,407.67","8,477.01","8,400.70","36.74M","0.63%"
"05/12/2017","8,407.67","8,365.02","8,436.40","8,365.02","10.10M","0.51%"
"05/11/2017","8,365.02","8,319.66","8,394.75","8,309.37","16.85M","0.55%"
"05/10/2017","8,319.66","8,315.70","8,337.67","8,305.74","7.56M","0.05%"
"05/09/2017","8,315.70","8,297.29","8,337.76","8,297.29","5.30M","0.22%"
"05/08/2017","8,297.29","8,298.65","8,311.70","8,250.64","2.24M","-0.02%"
"05/05/2017","8,298.65","8,235.90","8,304.11","8,235.90","47.30M","0.76%"
"05/04/2017","8,235.90","8,209.88","8,261.47","8,208.38","10.80M","0.32%"
"05/03/2017","8,209.88","8,220.10","8,258.28","8,194.08","3.52M","-0.12%"
"05/02/2017","8,220.10","8,230.46","8,258.15","8,217.60","14.84M","-0.13%"
"04/28/2017","8,230.46","8,184.77","8,248.53","8,171.07","17.98M","0.56%"
"04/27/2017","8,184.77","8,238.13","8,238.13","8,166.76","19.61M","-0.65%"
"04/26/2017","8,238.13","8,260.33","8,263.94","8,203.86","9.16M","-0.27%"
"04/25/2017","8,260.33","8,296.75","8,300.52","8,250.95","5.76M","-0.44%"
"04/24/2017","8,296.75","8,232.84","8,302.59","8,232.84","3.63M","0.78%"
"04/21/2017","8,232.84","8,209.66","8,243.89","8,194.52","8.26M","0.28%"
"04/20/2017","8,209.66","8,196.11","8,217.87","8,171.55","4.64M","0.17%"
"04/19/2017","8,196.11","8,232.65","8,232.65","8,162.06","11.90M","-0.44%"
"04/18/2017","8,232.65","8,258.73","8,269.04","8,214.00","4.06M","-0.32%"
"04/14/2017","8,258.73","8,258.06","8,264.44","8,234.44","702.84K","0.01%"
"04/13/2017","8,258.06","8,217.83","8,258.06","8,215.67","1.94M","0.49%"
"04/12/2017","8,217.83","8,200.18","8,238.97","8,200.18","14.79M","0.22%"
"04/11/2017","8,200.18","8,214.81","8,234.30","8,187.72","2.15M","-0.18%"
"04/10/2017","8,214.81","8,209.22","8,237.06","8,186.86","9.79M","0.07%"
"04/07/2017","8,209.22","8,181.67","8,210.70","8,171.47","10.00M","0.34%"
"04/06/2017","8,181.67","8,201.83","8,229.17","8,168.78","11.07M","-0.25%"
"04/05/2017","8,201.83","8,167.94","8,215.40","8,167.94","16.64M","0.41%"
"04/04/2017","8,167.94","8,155.65","8,185.59","8,143.90","26.64M","0.15%"
"04/03/2017","8,155.65","8,069.34","8,156.11","8,069.09","10.36M","1.07%"
"03/31/2017","8,069.34","8,018.47","8,080.74","8,004.96","14.79M","0.63%"
"03/30/2017","8,018.47","7,942.76","8,018.47","7,942.76","15.64M","0.95%"
"03/29/2017","7,942.76","7,953.88","7,979.71","7,942.76","18.74M","-0.14%"
"03/28/2017","7,953.88","7,961.02","7,968.88","7,943.84","13.23M","-0.09%"
"03/27/2017","7,961.02","7,981.01","7,984.34","7,954.35","12.05M","-0.25%"
"03/24/2017","7,981.01","7,961.53","7,985.03","7,953.62","6.19M","0.24%"
"03/23/2017","7,961.53","7,969.25","8,003.87","7,936.54","13.84M","-0.10%"
"03/22/2017","7,969.25","7,974.92","8,010.55","7,947.30","15.42M","-0.07%"
"03/21/2017","7,974.92","7,967.09","8,003.90","7,963.94","20.40M","0.10%"
"03/20/2017","7,967.09","7,969.41","7,982.05","7,938.72","4.57M","-0.03%"
"03/17/2017","7,969.41","7,923.82","7,975.13","7,923.82","16.87M","0.58%"
"03/16/2017","7,923.82","7,952.83","7,983.19","7,920.79","27.01M","-0.36%"
"03/15/2017","7,952.83","7,890.26","7,954.93","7,888.53","22.53M","0.79%"
"03/14/2017","7,890.26","7,890.13","7,908.85","7,885.64","7.25M","0.00%"
"03/13/2017","7,890.13","7,894.09","7,907.66","7,862.98","11.58M","-0.05%"
"03/10/2017","7,894.09","7,870.27","7,904.85","7,853.66","13.79M","0.30%"
"03/09/2017","7,870.27","7,899.41","7,900.98","7,854.12","13.36M","-0.37%"
"03/08/2017","7,899.41","7,905.57","7,927.72","7,894.89","11.09M","-0.08%"
"03/07/2017","7,905.57","7,923.39","7,936.78","7,902.29","21.72M","-0.22%"
"03/06/2017","7,923.39","7,978.97","7,981.59","7,903.99","5.39M","-0.70%"
"03/03/2017","7,978.97","7,973.00","8,001.45","7,960.93","16.47M","0.07%"
"03/02/2017","7,973.00","8,037.45","8,053.57","7,961.80","19.31M","-0.80%"
"03/01/2017","8,037.45","7,969.94","8,044.78","7,960.70","9.32M","0.85%"
"02/28/2017","7,969.94","8,009.95","8,040.08","7,966.86","11.01M","-0.50%"
"02/27/2017","8,009.95","7,953.87","8,012.10","7,926.83","23.76M","0.71%"
"02/24/2017","7,953.87","8,045.01","8,056.22","7,911.32","16.66M","-1.13%"
"02/23/2017","8,045.01","8,035.25","8,080.29","8,022.86","39.76M","0.12%"
"02/22/2017","8,035.25","7,912.64","8,056.38","7,912.64","57.68M","1.55%"
"02/21/2017","7,912.64","7,796.14","7,931.05","7,796.14","26.99M","1.49%"
"02/20/2017","7,796.14","7,745.39","7,821.79","7,741.38","16.32M","0.66%"
"02/17/2017","7,745.39","7,711.84","7,745.39","7,697.38","21.72M","0.44%"
"02/16/2017","7,711.84","7,676.01","7,744.41","7,670.09","21.13M","0.47%"
"02/15/2017","7,676.01","7,609.25","7,676.01","7,609.25","9.29M","0.88%"
"02/14/2017","7,609.25","7,640.89","7,651.96","7,571.32","11.43M","-0.41%"
"02/13/2017","7,640.89","7,668.55","7,680.99","7,624.86","5.07M","-0.36%"
"02/10/2017","7,668.55","7,627.44","7,681.71","7,627.44","28.70M","0.54%"
"02/09/2017","7,627.44","7,605.17","7,654.64","7,598.15","10.86M","0.29%"
"02/08/2017","7,605.17","7,629.13","7,643.69","7,597.63","5.38M","-0.31%"
"02/07/2017","7,629.13","7,586.55","7,629.13","7,550.06","15.01M","0.56%"
"02/06/2017","7,586.55","7,492.76","7,586.55","7,492.76","21.37M","1.25%"
"02/03/2017","7,492.76","7,473.61","7,513.70","7,473.61","7.40M","0.26%"
"02/02/2017","7,473.61","7,527.94","7,530.20","7,472.07","6.83M","-0.72%"
"02/01/2017","7,527.94","7,517.85","7,527.94","7,452.53","12.17M","0.13%"
"01/31/2017","7,517.85","7,484.36","7,532.97","7,484.36","3.33M","0.45%"
"01/30/2017","7,484.36","7,495.74","7,524.69","7,467.19","6.55M","-0.15%"
"01/27/2017","7,495.74","7,401.72","7,506.96","7,401.72","27.57M","1.27%"
"01/26/2017","7,401.72","7,385.98","7,425.87","7,382.17","17.65M","0.21%"
"01/25/2017","7,385.98","7,271.00","7,385.98","7,271.00","61.13M","1.58%"
"01/23/2017","7,271.00","7,289.73","7,316.63","7,262.60","29.16M","-0.26%"
"01/20/2017","7,289.73","7,223.69","7,293.73","7,221.16","21.75M","0.91%"
"01/19/2017","7,223.69","7,178.10","7,234.66","7,178.10","10.21M","0.64%"
"01/18/2017","7,178.10","7,162.29","7,187.99","7,156.72","11.85M","0.22%"
"01/17/2017","7,162.29","7,142.13","7,163.78","7,122.84","17.38M","0.28%"
"01/16/2017","7,142.13","7,143.96","7,186.53","7,127.37","13.20M","-0.03%"
"01/13/2017","7,143.96","7,178.33","7,194.07","7,119.12","27.87M","-0.48%"
"01/12/2017","7,178.33","7,238.70","7,255.49","7,168.77","31.98M","-0.83%"
"01/11/2017","7,238.70","7,244.11","7,250.75","7,219.84","37.13M","-0.07%"
"01/10/2017","7,244.11","7,248.46","7,258.14","7,230.55","22.80M","-0.06%"
"01/09/2017","7,248.46","7,219.27","7,259.85","7,219.27","17.21M","0.40%"
"01/06/2017","7,219.27","7,200.57","7,247.63","7,200.57","14.87M","0.26%"
"01/05/2017","7,200.57","7,215.49","7,249.17","7,200.57","65.34M","-0.21%"
"01/04/2017","7,215.49","7,164.35","7,250.94","7,149.26","30.08M","0.71%"
"01/03/2017","7,164.35","7,085.05","7,178.77","7,069.14","26.95M","1.12%"
"12/30/2016","7,085.05","7,072.28","7,085.37","7,049.47","6.23M","0.18%"
"12/29/2016","7,072.28","7,029.38","7,073.26","7,020.68","6.91M","0.61%"
"12/28/2016","7,029.38","7,020.60","7,034.87","7,009.33","4.80M","0.13%"
"12/27/2016","7,020.60","7,013.61","7,031.54","6,996.61","6.99M","0.10%"
"12/23/2016","7,013.61","7,021.91","7,044.44","7,004.17","2.68M","-0.12%"
"12/22/2016","7,021.91","7,022.57","7,029.92","7,000.76","21.43M","-0.01%"
"12/21/2016","7,022.57","7,022.02","7,028.19","7,002.97","12.97M","0.01%"
"12/20/2016","7,022.02","7,059.75","7,077.91","6,988.61","13.14M","-0.53%"
"12/19/2016","7,059.75","7,056.79","7,084.38","7,044.18","11.32M","0.04%"
"12/16/2016","7,056.79","6,998.56","7,072.60","6,981.21","47.14M","0.83%"
"12/15/2016","6,998.56","7,009.51","7,009.51","6,974.92","24.06M","-0.16%"
"12/14/2016","7,009.51","6,985.06","7,022.59","6,976.67","45.27M","0.35%"
"12/13/2016","6,985.06","6,954.09","6,988.90","6,945.32","37.17M","0.45%"
"12/12/2016","6,954.09","6,894.98","6,959.85","6,894.98","58.05M","0.86%"
"12/09/2016","6,894.98","6,861.40","6,898.67","6,857.59","2.13M","0.49%"
"12/08/2016","6,861.40","6,874.31","6,881.74","6,854.06","9.39M","-0.19%"
"12/07/2016","6,874.31","6,888.02","6,888.22","6,851.26","26.62M","-0.20%"
"12/06/2016","6,888.02","6,915.35","6,919.88","6,866.57","22.63M","-0.40%"
"12/05/2016","6,915.35","6,948.28","6,952.80","6,904.31","6.14M","-0.47%"
"12/02/2016","6,948.28","6,833.93","6,949.87","6,832.42","58.56M","1.67%"
"11/29/2016","6,833.93","6,789.50","6,833.93","6,789.50","16.47M","0.65%"
"11/28/2016","6,789.50","6,836.12","6,836.60","6,789.50","9.90M","-0.68%"
"11/25/2016","6,836.12","6,836.15","6,844.48","6,825.03","5.74M","0.00%"
"11/24/2016","6,836.15","6,838.27","6,849.94","6,816.47","5.05M","-0.03%"
"11/23/2016","6,838.27","6,852.19","6,858.39","6,827.11","8.48M","-0.20%"
"11/22/2016","6,852.19","6,840.88","6,855.99","6,835.75","8.09M","0.17%"
"11/21/2016","6,840.88","6,824.19","6,846.73","6,821.20","7.32M","0.24%"
"11/18/2016","6,824.19","6,859.05","6,862.03","6,815.00","2.93M","-0.51%"
"11/17/2016","6,859.05","6,843.14","6,859.05","6,830.65","2.71M","0.23%"
"11/16/2016","6,843.14","6,875.76","6,884.84","6,840.38","7.95M","-0.47%"
"11/15/2016","6,875.76","6,854.72","6,883.42","6,848.36","4.57M","0.31%"
"11/14/2016","6,854.72","6,849.80","6,869.06","6,834.31","7.40M","0.07%"
"11/11/2016","6,849.80","6,845.53","6,860.25","6,823.25","13.54M","0.06%"
"11/10/2016","6,845.53","6,780.82","6,867.89","6,778.57","22.76M","0.95%"
"11/09/2016","6,780.82","6,810.68","6,810.68","6,661.38","30.86M","-0.44%"
"11/08/2016","6,810.68","6,822.17","6,827.08","6,802.26","5.32M","-0.17%"
"11/07/2016","6,822.17","6,780.90","6,826.29","6,780.90","11.21M","0.61%"
"11/04/2016","6,780.90","6,807.91","6,837.30","6,767.86","14.14M","-0.40%"
"11/03/2016","6,807.91","6,794.86","6,822.43","6,794.78","9.46M","0.19%"
"11/02/2016","6,794.86","6,843.18","6,843.62","6,792.06","15.11M","-0.71%"
"11/01/2016","6,843.18","6,811.06","6,854.48","6,811.06","27.60M","0.47%"
"10/31/2016","6,811.06","6,829.12","6,839.16","6,805.23","7.17M","-0.26%"
"10/28/2016","6,829.12","6,838.37","6,840.16","6,823.11","19.29M","-0.14%"
"10/27/2016","6,838.37","6,782.31","6,839.88","6,782.31","28.61M","0.83%"
"10/26/2016","6,782.31","6,793.04","6,802.07","6,768.32","16.66M","-0.16%"
"10/25/2016","6,793.04","6,853.65","6,870.30","6,781.61","16.15M","-0.88%"
"10/24/2016","6,853.65","6,862.03","6,882.08","6,850.37","12.52M","-0.12%"
"10/21/2016","6,862.03","6,908.27","6,915.17","6,860.36","12.48M","-0.67%"
"10/20/2016","6,908.27","6,878.00","6,908.27","6,867.69","36.77M","0.44%"
"10/19/2016","6,878.00","6,844.47","6,878.00","6,841.61","29.28M","0.49%"
"10/18/2016","6,844.47","6,868.02","6,868.02","6,822.73","164.88M","-0.34%"
"10/17/2016","6,868.02","6,897.37","6,897.58","6,860.33","29.63M","-0.43%"
"10/14/2016","6,897.37","6,858.69","6,902.45","6,817.30","40.82M","0.56%"
"10/13/2016","6,858.69","6,919.39","6,931.15","6,847.76","15.55M","-0.88%"
"10/12/2016","6,919.39","6,926.71","6,943.80","6,909.70","5.55M","-0.11%"
"10/11/2016","6,926.71","6,911.52","6,930.45","6,893.36","5.89M","0.22%"
"10/10/2016","6,911.52","6,943.45","6,951.63","6,903.04","5.92M","-0.46%"
"10/07/2016","6,943.45","6,944.44","6,950.49","6,925.28","5.59M","-0.01%"
"10/06/2016","6,944.44","6,963.66","6,970.29","6,925.74","8.05M","-0.28%"
"10/05/2016","6,963.66","6,981.98","6,981.98","6,933.08","8.94M","-0.26%"
"10/04/2016","6,981.98","6,956.48","6,981.98","6,934.86","18.71M","0.37%"
"10/03/2016","6,956.48","6,936.84","6,973.02","6,936.84","1.44M","0.28%"
"09/30/2016","6,936.84","6,981.03","6,990.99","6,918.09","11.09M","-0.63%"
"09/29/2016","6,981.03","6,946.93","6,997.75","6,946.93","11.77M","0.49%"
"09/28/2016","6,946.93","6,913.08","6,966.91","6,913.08","11.41M","0.49%"
"09/27/2016","6,913.08","6,955.06","6,967.73","6,897.14","8.99M","-0.60%"
"09/26/2016","6,955.06","7,000.27","7,018.35","6,935.81","13.09M","-0.65%"
"09/23/2016","7,000.27","7,045.48","7,049.00","6,974.39","30.21M","-0.64%"
"09/22/2016","7,045.48","7,036.36","7,046.99","6,998.97","14.69M","0.13%"
"09/21/2016","7,036.36","6,980.20","7,041.23","6,980.20","13.55M","0.80%"
"09/20/2016","6,980.20","6,969.95","6,991.99","6,951.24","11.04M","0.15%"
"09/19/2016","6,969.95","6,979.15","6,980.55","6,952.50","17.98M","-0.13%"
"09/16/2016","6,979.15","6,939.78","6,979.15","6,933.24","18.01M","0.57%"
"09/15/2016","6,939.78","6,931.06","6,966.24","6,900.47","8.56M","0.13%"
"09/14/2016","6,931.06","6,939.27","6,946.57","6,926.65","7.25M","-0.12%"
"09/13/2016","6,939.27","6,911.19","6,973.43","6,911.19","3.89M","0.41%"
"09/12/2016","6,911.19","7,027.24","7,035.20","6,900.14","33.45M","-1.65%"
"09/09/2016","7,027.24","7,060.84","7,074.74","7,027.24","19.00M","-0.48%"
"09/08/2016","7,060.84","7,086.04","7,104.11","7,058.71","30.04M","-0.36%"
"09/07/2016","7,086.04","7,038.71","7,086.04","7,029.96","5.70M","0.67%"
"09/06/2016","7,038.71","7,026.05","7,042.32","7,009.24","8.20M","0.18%"
"09/05/2016","7,026.05","7,004.84","7,026.05","6,992.87","11.35M","0.30%"
"09/02/2016","7,004.84","7,028.44","7,032.72","6,992.50","5.16M","-0.34%"
"09/01/2016","7,028.44","7,035.72","7,055.62","7,014.12","2.31M","-0.10%"
"08/31/2016","7,035.72","7,021.90","7,048.84","7,014.65","13.21M","0.20%"
"08/30/2016","7,021.90","6,998.51","7,026.73","6,989.36","2.22M","0.33%"
"08/29/2016","6,998.51","6,985.27","7,000.31","6,975.78","2.63M","0.19%"
"08/26/2016","6,985.27","6,962.39","6,985.27","6,957.21","4.06M","0.33%"
"08/25/2016","6,962.39","6,952.84","6,971.26","6,923.35","7.92M","0.14%"
"08/24/2016","6,952.84","6,895.55","6,988.49","6,877.45","5.44M","0.83%"
"08/23/2016","6,895.55","6,874.44","6,899.00","6,867.39","3.39M","0.31%"
"08/22/2016","6,874.44","6,907.86","6,917.38","6,872.76","4.11M","-0.48%"
"08/19/2016","6,907.86","6,898.58","6,913.76","6,886.07","2.46M","0.13%"
"08/18/2016","6,898.58","6,866.19","6,910.58","6,858.16","5.29M","0.47%"
"08/17/2016","6,866.19","6,865.23","6,870.65","6,830.39","4.30M","0.01%"
"08/16/2016","6,865.23","6,789.05","6,870.86","6,787.62","10.26M","1.12%"
"08/12/2016","6,789.05","6,834.61","6,840.80","6,789.05","2.90M","-0.67%"
"08/11/2016","6,834.61","6,832.44","6,847.63","6,795.92","8.02M","0.03%"
"08/10/2016","6,832.44","6,880.09","6,883.70","6,823.07","8.14M","-0.69%"
"08/09/2016","6,880.09","6,846.54","6,889.75","6,830.12","5.17M","0.49%"
"08/08/2016","6,846.54","6,752.01","6,847.18","6,743.99","3.88M","1.40%"
"08/05/2016","6,752.01","6,707.50","6,761.89","6,697.95","5.90M","0.66%"
"08/04/2016","6,707.50","6,666.06","6,707.50","6,666.06","4.29M","0.62%"
"08/03/2016","6,666.06","6,684.73","6,717.74","6,663.67","6.90M","-0.28%"
"08/02/2016","6,684.73","6,740.71","6,756.36","6,669.81","4.03M","-0.83%"
"08/01/2016","6,740.71","6,725.19","6,789.24","6,721.14","9.63M","0.23%"
"07/29/2016","6,725.19","6,694.09","6,743.60","6,688.19","7.92M","0.46%"
"07/28/2016","6,694.09","6,727.32","6,727.32","6,670.22","14.74M","-0.49%"
"07/27/2016","6,727.32","6,655.22","6,727.32","6,655.22","7.51M","1.08%"
"07/26/2016","6,655.22","6,654.22","6,708.94","6,638.81","5.52M","0.02%"
"07/25/2016","6,654.22","6,638.03","6,668.88","6,628.86","9.14M","0.24%"
"07/22/2016","6,638.03","6,634.63","6,662.38","6,624.83","11.37M","0.05%"
"07/21/2016","6,634.63","6,664.72","6,687.26","6,626.32","12.44M","-0.45%"
"07/20/2016","6,664.72","6,645.06","6,666.21","6,642.67","10.72M","0.30%"
"07/19/2016","6,645.06","6,623.23","6,656.39","6,617.03","12.74M","0.33%"
"07/18/2016","6,623.23","6,614.60","6,627.22","6,593.54","12.31M","0.13%"
"07/15/2016","6,614.60","6,580.40","6,616.63","6,580.29","8.07M","0.52%"
"07/14/2016","6,580.40","6,577.90","6,626.86","6,577.90","28.75M","0.04%"
"07/13/2016","6,577.90","6,530.36","6,577.90","6,507.69","6.74M","0.73%"
"07/12/2016","6,530.36","6,488.52","6,552.54","6,488.52","4.43M","0.64%"
"07/11/2016","6,488.52","6,472.60","6,496.49","6,448.23","4.06M","0.25%"
"07/08/2016","6,472.60","6,476.58","6,494.00","6,457.45","4.24M","-0.06%"
"07/07/2016","6,476.58","6,434.22","6,484.35","6,432.50","3.55M","0.66%"
"07/06/2016","6,434.22","6,513.14","6,537.99","6,425.91","7.81M","-1.21%"
"07/05/2016","6,513.14","6,483.82","6,525.33","6,426.65","15.07M","0.45%"
"07/04/2016","6,483.82","6,487.06","6,500.11","6,420.87","10.09M","-0.05%"
"07/01/2016","6,487.06","6,473.41","6,522.57","6,464.43","2.10M","0.21%"
"06/30/2016","6,473.41","6,503.71","6,525.45","6,470.58","14.90M","-0.47%"
"06/29/2016","6,503.71","6,443.76","6,503.71","6,443.76","6.96M","0.93%"
"06/28/2016","6,443.76","6,271.89","6,443.76","6,271.89","13.64M","2.74%"
"06/27/2016","6,271.89","6,266.14","6,316.39","6,243.46","6.47M","0.09%"
"06/24/2016","6,266.14","6,495.34","6,495.34","5,899.96","38.12M","-3.53%"
"06/23/2016","6,495.34","6,500.53","6,520.70","6,495.11","5.98M","-0.08%"
"06/22/2016","6,500.53","6,507.75","6,542.26","6,486.16","22.81M","-0.11%"
"06/21/2016","6,507.75","6,487.63","6,546.47","6,487.63","12.71M","0.31%"
"06/17/2016","6,487.63","6,466.28","6,504.13","6,440.53","2.95M","0.33%"
"06/16/2016","6,466.28","6,518.28","6,532.96","6,456.67","12.80M","-0.80%"
"06/15/2016","6,518.28","6,422.45","6,521.20","6,417.36","3.54M","1.49%"
"06/14/2016","6,422.45","6,406.54","6,434.22","6,381.71","3.10M","0.25%"
"06/13/2016","6,406.54","6,410.34","6,446.46","6,329.54","4.85M","-0.06%"
"06/10/2016","6,410.34","6,514.67","6,551.21","6,405.75","10.04M","-1.60%"
"06/09/2016","6,514.67","6,661.93","6,675.09","6,512.57","17.97M","-2.21%"
"06/08/2016","6,661.93","6,628.49","6,666.76","6,595.64","12.34M","0.50%"
"06/07/2016","6,628.49","6,561.15","6,632.61","6,556.55","8.39M","1.03%"
"06/06/2016","6,561.15","6,545.70","6,567.68","6,499.76","14.59M","0.24%"
"06/03/2016","6,545.70","6,574.40","6,620.57","6,457.90","12.86M","-0.44%"
"06/02/2016","6,574.40","6,464.56","6,602.29","6,464.56","24.85M","1.70%"
"06/01/2016","6,464.56","6,360.32","6,470.29","6,360.32","10.38M","1.64%"
"05/31/2016","6,360.32","6,350.90","6,438.68","6,350.90","11.31M","0.15%"
"05/30/2016","6,350.90","6,472.80","6,476.08","6,261.75","8.66M","-1.88%"
"05/27/2016","6,472.80","6,441.01","6,492.86","6,441.01","4.43M","0.49%"
"05/26/2016","6,441.01","6,409.39","6,446.45","6,409.39","6.65M","0.49%"
"05/25/2016","6,409.39","6,405.82","6,435.23","6,400.87","5.95M","0.06%"
"05/24/2016","6,405.82","6,385.89","6,427.25","6,374.59","10.21M","0.31%"
"05/23/2016","6,385.89","6,367.12","6,392.89","6,353.20","3.27M","0.29%"
"05/20/2016","6,367.12","6,382.16","6,416.03","6,365.66","9.61M","-0.24%"
"05/19/2016","6,382.16","6,435.74","6,439.38","6,382.16","9.33M","-0.83%"
"05/18/2016","6,435.74","6,408.02","6,435.74","6,393.64","5.81M","0.43%"
"05/17/2016","6,408.02","6,445.13","6,452.62","6,408.02","18.55M","-0.58%"
"05/16/2016","6,445.13","6,462.97","6,478.20","6,427.11","5.85M","-0.28%"
"05/13/2016","6,462.97","6,449.49","6,475.90","6,441.62","11.41M","0.21%"
"05/12/2016","6,449.49","6,458.99","6,489.81","6,448.03","8.10M","-0.15%"
"05/11/2016","6,458.99","6,474.84","6,502.80","6,448.19","14.57M","-0.24%"
"05/10/2016","6,474.84","6,464.45","6,497.90","6,457.50","56.02M","0.16%"
"05/09/2016","6,464.45","6,442.93","6,479.90","6,442.93","5.19M","0.33%"
"05/06/2016","6,442.93","6,474.34","6,509.30","6,441.11","7.80M","-0.49%"
"05/05/2016","6,474.34","6,430.08","6,495.81","6,430.08","3.90M","0.69%"
"05/04/2016","6,430.08","6,405.92","6,441.10","6,392.50","12.93M","0.38%"
"05/03/2016","6,405.92","6,447.99","6,496.75","6,392.38","10.19M","-0.65%"
"04/29/2016","6,447.99","6,544.07","6,574.46","6,447.37","14.16M","-1.47%"
"04/28/2016","6,544.07","6,529.25","6,587.64","6,525.70","14.76M","0.23%"
"04/27/2016","6,529.25","6,579.66","6,615.55","6,527.99","5.78M","-0.77%"
"04/26/2016","6,579.66","6,566.25","6,600.34","6,566.10","10.65M","0.20%"
"04/25/2016","6,566.25","6,560.62","6,580.67","6,554.81","3.94M","0.09%"
"04/22/2016","6,560.62","6,547.97","6,607.60","6,547.97","10.09M","0.19%"
"04/21/2016","6,547.97","6,576.37","6,591.58","6,547.97","24.14M","-0.43%"
"04/20/2016","6,576.37","6,630.27","6,630.27","6,545.02","15.17M","-0.81%"
"04/19/2016","6,630.27","6,622.91","6,650.33","6,622.91","22.10M","0.11%"
"04/18/2016","6,622.91","6,662.89","6,673.69","6,622.91","3.36M","-0.60%"
"04/15/2016","6,662.89","6,726.46","6,744.79","6,662.48","29.70M","-0.95%"
"04/14/2016","6,726.46","6,731.98","6,757.30","6,716.33","13.61M","-0.08%"
"04/13/2016","6,731.98","6,707.98","6,759.24","6,707.98","17.78M","0.36%"
"04/12/2016","6,707.98","6,711.92","6,729.78","6,701.11","33.87M","-0.06%"
"04/11/2016","6,711.92","6,728.47","6,756.38","6,706.18","14.23M","-0.25%"
"04/08/2016","6,728.47","6,720.61","6,763.00","6,720.61","2.47M","0.12%"
"04/07/2016","6,720.61","6,693.16","6,738.29","6,690.96","7.06M","0.41%"
"04/06/2016","6,693.16","6,679.03","6,721.89","6,677.92","24.37M","0.21%"
"04/05/2016","6,679.03","6,732.01","6,741.32","6,668.33","3.61M","-0.79%"
"04/04/2016","6,732.01","6,705.17","6,752.53","6,687.12","8.20M","0.40%"
"04/01/2016","6,705.17","6,737.73","6,737.73","6,674.71","6.88M","-0.48%"
"03/31/2016","6,737.73","6,715.45","6,750.27","6,696.65","7.90M","0.33%"
"03/30/2016","6,715.45","6,711.78","6,739.61","6,691.43","35.35M","0.05%"
"03/29/2016","6,711.78","6,752.61","6,752.61","6,711.78","19.67M","-0.60%"
"03/28/2016","6,752.61","6,755.54","6,767.58","6,744.61","893.40K","-0.04%"
"03/25/2016","6,755.54","6,740.80","6,762.76","6,732.52","2.55M","0.22%"
"03/24/2016","6,740.80","6,773.03","6,797.54","6,736.12","5.41M","-0.48%"
"03/23/2016","6,773.03","6,782.24","6,792.28","6,766.25","21.00M","-0.14%"
"03/22/2016","6,782.24","6,790.40","6,804.51","6,763.17","32.90M","-0.12%"
"03/21/2016","6,790.40","6,826.40","6,856.72","6,731.35","11.45M","-0.53%"
"03/18/2016","6,826.40","6,754.83","6,853.83","6,751.36","16.90M","1.06%"
"03/17/2016","6,754.83","6,686.75","6,847.09","6,686.75","30.49M","1.02%"
"03/16/2016","6,686.75","6,627.85","6,686.75","6,605.92","11.48M","0.89%"
"03/15/2016","6,627.85","6,649.10","6,651.97","6,599.20","14.43M","-0.32%"
"03/14/2016","6,649.10","6,607.09","6,668.48","6,604.17","11.76M","0.64%"
"03/11/2016","6,607.09","6,615.30","6,659.61","6,607.09","12.92M","-0.12%"
"03/10/2016","6,615.30","6,638.73","6,673.36","6,615.30","4.55M","-0.35%"
"03/09/2016","6,638.73","6,673.90","6,687.31","6,638.73","6.77M","-0.53%"
"03/08/2016","6,673.90","6,625.94","6,673.90","6,617.82","29.78M","0.72%"
"03/07/2016","6,625.94","6,556.57","6,625.94","6,549.38","10.59M","1.06%"
"03/04/2016","6,556.57","6,563.98","6,585.86","6,533.17","13.61M","-0.11%"
"03/03/2016","6,563.98","6,539.01","6,571.05","6,520.91","5.11M","0.38%"
"03/02/2016","6,539.01","6,508.04","6,609.38","6,468.03","7.74M","0.48%"
"03/01/2016","6,508.04","6,389.40","6,516.00","6,372.98","8.90M","1.86%"
"02/29/2016","6,389.40","6,498.21","6,500.79","6,389.40","7.98M","-1.67%"
"02/26/2016","6,498.21","6,364.81","6,498.21","6,364.81","6.55M","2.10%"
"02/25/2016","6,364.81","6,248.45","6,374.64","6,248.45","11.78M","1.86%"
"02/24/2016","6,248.45","6,360.26","6,385.34","6,248.45","4.65M","-1.76%"
"02/23/2016","6,360.26","6,337.50","6,392.93","6,301.42","9.53M","0.36%"
"02/22/2016","6,337.50","6,276.85","6,337.50","6,266.18","5.62M","0.97%"
"02/19/2016","6,276.85","6,212.22","6,291.42","6,208.75","5.63M","1.04%"
"02/18/2016","6,212.22","6,173.40","6,218.61","6,156.04","8.52M","0.63%"
"02/17/2016","6,173.40","6,113.90","6,184.21","6,113.90","22.85M","0.97%"
"02/16/2016","6,113.90","6,136.00","6,196.72","6,101.89","4.73M","-0.36%"
"02/15/2016","6,136.00","6,064.63","6,207.77","6,064.63","6.19M","1.18%"
"02/12/2016","6,064.63","6,039.86","6,082.95","6,016.49","3.93M","0.41%"
"02/11/2016","6,039.86","6,133.17","6,187.44","6,009.88","13.53M","-1.52%"
"02/10/2016","6,133.17","6,172.77","6,212.24","6,133.17","5.91M","-0.64%"
"02/09/2016","6,172.77","6,238.58","6,262.79","6,146.65","20.40M","-1.05%"
"02/08/2016","6,238.58","6,380.36","6,389.11","6,238.58","7.39M","-2.22%"
"02/05/2016","6,380.36","6,393.99","6,414.21","6,380.36","13.00M","-0.21%"
"02/04/2016","6,393.99","6,289.55","6,397.28","6,289.55","35.61M","1.66%"
"02/03/2016","6,289.55","6,305.73","6,337.95","6,280.67","22.92M","-0.26%"
"02/02/2016","6,305.73","6,322.44","6,343.89","6,284.18","14.52M","-0.26%"
"02/01/2016","6,322.44","6,268.84","6,331.54","6,256.41","16.09M","0.86%"
"01/29/2016","6,268.84","6,245.39","6,319.00","6,245.39","19.31M","0.38%"
"01/28/2016","6,245.39","6,260.44","6,307.85","6,235.60","12.07M","-0.24%"
"01/27/2016","6,260.44","6,244.56","6,307.50","6,244.56","7.01M","0.25%"
"01/26/2016","6,244.56","6,255.87","6,257.31","6,106.60","8.90M","-0.18%"
"01/25/2016","6,255.87","6,377.36","6,410.09","6,254.44","6.16M","-1.91%"
"01/22/2016","6,377.36","6,265.30","6,463.58","6,265.30","12.62M","1.79%"
"01/21/2016","6,265.30","6,062.97","6,265.90","6,038.77","10.00M","3.34%"
"01/20/2016","6,062.97","6,175.52","6,175.52","6,024.76","9.64M","-1.82%"
"01/19/2016","6,175.52","6,018.98","6,194.31","6,018.98","15.09M","2.60%"
"01/18/2016","6,018.98","6,340.38","6,340.38","6,009.97","20.77M","-5.07%"
"01/15/2016","6,340.38","6,414.92","6,513.47","6,230.76","16.39M","-1.16%"
"01/14/2016","6,414.92","6,573.13","6,574.11","6,398.95","49.37M","-2.41%"
"01/13/2016","6,573.13","6,568.97","6,598.16","6,568.46","9.96M","0.06%"
"01/12/2016","6,568.97","6,608.41","6,626.78","6,527.03","15.25M","-0.60%"
"01/11/2016","6,608.41","6,708.54","6,719.08","6,595.81","10.76M","-1.49%"
"01/08/2016","6,708.54","6,760.82","6,814.60","6,702.51","30.88M","-0.77%"
"01/07/2016","6,760.82","6,803.92","6,803.92","6,641.75","21.83M","-0.63%"
"01/06/2016","6,803.92","6,867.05","6,875.87","6,803.92","3.86M","-0.92%"
"01/05/2016","6,867.05","6,906.01","6,932.34","6,864.76","8.55M","-0.56%"
"01/04/2016","6,906.01","7,004.32","7,004.32","6,898.91","3.99M","-1.40%"
"12/30/2015","7,004.32","6,980.69","7,007.15","6,932.80","14.39M","0.34%"
"12/29/2015","6,980.69","7,001.12","7,001.12","6,941.07","4.72M","-0.29%"
"12/28/2015","7,001.12","6,987.23","7,008.87","6,947.11","16.26M","0.20%"
"12/23/2015","6,987.23","6,951.53","7,009.12","6,948.06","8.17M","0.51%"
"12/22/2015","6,951.53","6,900.95","6,971.93","6,895.56","24.83M","0.73%"
"12/21/2015","6,900.95","6,801.09","6,900.95","6,801.09","9.34M","1.47%"
"12/18/2015","6,801.09","6,800.81","6,861.23","6,782.25","15.07M","0.00%"
"12/17/2015","6,800.81","6,794.75","6,883.95","6,794.75","17.28M","0.09%"
"12/16/2015","6,794.75","6,861.73","6,888.21","6,794.75","9.11M","-0.98%"
"12/15/2015","6,861.73","6,881.48","6,897.41","6,853.10","21.28M","-0.29%"
"12/14/2015","6,881.48","6,943.70","6,947.85","6,856.51","20.23M","-0.90%"
"12/11/2015","6,943.70","7,026.77","7,044.09","6,921.60","11.39M","-1.18%"
"12/10/2015","7,026.77","7,035.95","7,067.56","7,011.40","21.85M","-0.13%"
"12/09/2015","7,035.95","7,070.06","7,085.84","7,035.95","7.34M","-0.48%"
"12/08/2015","7,070.06","7,098.52","7,104.35","7,050.51","20.24M","-0.40%"
"12/07/2015","7,098.52","7,019.25","7,101.72","7,019.25","21.10M","1.13%"
"12/04/2015","7,019.25","7,020.61","7,043.92","7,003.72","5.98M","-0.02%"
"12/03/2015","7,020.61","6,990.39","7,068.01","6,990.39","17.29M","0.43%"
"12/02/2015","6,990.39","7,018.11","7,125.47","6,990.39","16.68M","-0.39%"
"11/27/2015","7,018.11","7,152.15","7,188.58","7,018.11","2.92M","-1.87%"
"11/26/2015","7,152.15","7,148.24","7,208.70","7,137.55","9.26M","0.05%"
"11/25/2015","7,148.24","7,254.25","7,289.32","7,146.83","15.68M","-1.46%"
"11/24/2015","7,254.25","7,286.18","7,299.50","7,242.30","8.83M","-0.44%"
"11/23/2015","7,286.18","7,230.76","7,293.66","7,222.85","6.81M","0.77%"
"11/20/2015","7,230.76","7,203.13","7,236.91","7,182.49","7.92M","0.38%"
"11/19/2015","7,203.13","7,174.47","7,217.30","7,158.93","27.25M","0.40%"
"11/18/2015","7,174.47","7,189.94","7,228.91","7,174.47","5.19M","-0.22%"
"11/17/2015","7,189.94","7,163.15","7,220.34","7,163.15","11.93M","0.37%"
"11/16/2015","7,163.15","7,289.14","7,301.86","7,163.15","8.72M","-1.73%"
"11/13/2015","7,289.14","7,303.71","7,303.71","7,226.85","33.25M","-0.20%"
"11/12/2015","7,303.71","7,285.34","7,303.71","7,241.68","18.88M","0.25%"
"11/11/2015","7,285.34","7,290.08","7,318.67","7,283.10","5.97M","-0.07%"
"11/10/2015","7,290.08","7,290.21","7,316.57","7,278.08","10.75M","0.00%"
"11/09/2015","7,290.21","7,319.65","7,326.84","7,275.17","16.09M","-0.40%"
"11/06/2015","7,319.65","7,286.77","7,326.58","7,273.29","15.42M","0.45%"
"11/05/2015","7,286.77","7,349.82","7,360.42","7,273.98","12.70M","-0.86%"
"11/04/2015","7,349.82","7,345.21","7,384.78","7,300.29","25.40M","0.06%"
"11/03/2015","7,345.21","7,237.71","7,354.58","7,237.71","17.51M","1.49%"
"11/02/2015","7,237.71","7,205.30","7,259.34","7,205.30","12.71M","0.45%"
"10/30/2015","7,205.30","7,153.99","7,226.74","7,153.99","30.83M","0.72%"
"10/29/2015","7,153.99","7,096.87","7,160.15","7,088.79","13.39M","0.80%"
"10/28/2015","7,096.87","7,068.63","7,102.01","7,064.53","6.43M","0.40%"
"10/27/2015","7,068.63","7,128.42","7,152.75","7,063.58","18.63M","-0.84%"
"10/26/2015","7,128.42","7,124.30","7,135.52","7,101.05","9.45M","0.06%"
"10/23/2015","7,124.30","7,045.23","7,128.90","7,043.76","83.85M","1.12%"
"10/22/2015","7,045.23","7,041.07","7,045.23","6,996.98","23.49M","0.06%"
"10/21/2015","7,041.07","7,025.18","7,047.17","7,015.91","12.99M","0.23%"
"10/20/2015","7,025.18","7,087.49","7,087.49","7,008.58","6.33M","-0.88%"
"10/19/2015","7,087.49","7,093.47","7,113.13","7,069.47","7.36M","-0.08%"
"10/16/2015","7,093.47","7,087.97","7,122.39","7,066.87","5.78M","0.08%"
"10/15/2015","7,087.97","7,105.97","7,142.65","7,087.97","3.44M","-0.25%"
"10/14/2015","7,105.97","7,097.27","7,120.52","7,075.88","6.77M","0.12%"
"10/13/2015","7,097.27","7,138.65","7,138.65","7,056.42","11.82M","-0.58%"
"10/12/2015","7,138.65","7,123.47","7,148.29","7,106.25","11.94M","0.21%"
"10/09/2015","7,123.47","7,046.93","7,133.80","7,046.93","19.40M","1.09%"
"10/08/2015","7,046.93","6,998.89","7,059.06","6,998.89","11.19M","0.69%"
"10/07/2015","6,998.89","6,985.78","7,022.02","6,977.45","18.10M","0.19%"
"10/06/2015","6,985.78","7,054.21","7,069.25","6,975.55","8.46M","-0.97%"
"10/05/2015","7,054.21","7,050.65","7,081.77","7,046.87","5.29M","0.05%"
"10/02/2015","7,050.65","7,004.48","7,079.42","7,004.48","6.55M","0.66%"
"10/01/2015","7,004.48","6,981.62","7,059.86","6,981.62","17.72M","0.33%"
"09/30/2015","6,981.62","7,041.20","7,080.90","6,981.62","7.07M","-0.85%"
"09/29/2015","7,041.20","7,059.17","7,078.81","7,021.69","10.94M","-0.25%"
"09/28/2015","7,059.17","7,190.37","7,192.77","7,059.17","6.14M","-1.82%"
"09/25/2015","7,190.37","7,121.06","7,195.76","7,116.99","10.75M","0.97%"
"09/24/2015","7,121.06","7,150.24","7,185.50","7,111.54","13.28M","-0.41%"
"09/23/2015","7,150.24","7,113.97","7,165.64","7,108.78","8.87M","0.51%"
"09/22/2015","7,113.97","7,212.92","7,214.04","7,113.97","7.52M","-1.37%"
"09/21/2015","7,212.92","7,113.40","7,214.33","7,096.99","5.98M","1.40%"
"09/18/2015","7,113.40","7,138.08","7,179.86","7,100.16","5.80M","-0.35%"
"09/17/2015","7,138.08","7,123.25","7,182.01","7,123.25","11.74M","0.21%"
"09/16/2015","7,123.25","7,107.93","7,156.40","7,107.93","2.57M","0.22%"
"09/15/2015","7,107.93","7,156.55","7,175.17","7,107.93","4.65M","-0.68%"
"09/14/2015","7,156.55","7,120.36","7,161.51","7,075.55","12.34M","0.51%"
"09/11/2015","7,120.36","7,163.60","7,181.02","7,117.76","2.72M","-0.60%"
"09/10/2015","7,163.60","7,200.18","7,201.57","7,152.61","9.64M","-0.51%"
"09/09/2015","7,200.18","7,105.91","7,229.97","7,105.91","16.80M","1.33%"
"09/08/2015","7,105.91","7,062.42","7,109.73","7,052.41","2.57M","0.62%"
"09/07/2015","7,062.42","7,078.00","7,094.41","7,036.71","932.57K","-0.22%"
"09/04/2015","7,078.00","7,083.53","7,106.37","7,048.65","1.59M","-0.08%"
"09/03/2015","7,083.53","7,009.14","7,122.67","7,009.14","4.41M","1.06%"
"09/02/2015","7,009.14","6,966.38","7,061.96","6,951.42","4.93M","0.61%"
"09/01/2015","6,966.38","6,997.79","7,024.59","6,944.19","6.10M","-0.45%"
"08/31/2015","6,997.79","7,019.45","7,073.52","6,996.05","2.55M","-0.31%"
"08/28/2015","7,019.45","7,082.62","7,133.04","7,019.45","5.49M","-0.89%"
"08/27/2015","7,082.62","6,996.31","7,127.82","6,996.31","18.06M","1.23%"
"08/26/2015","6,996.31","7,044.14","7,071.23","6,928.58","5.92M","-0.68%"
"08/25/2015","7,044.14","6,838.37","7,069.45","6,663.95","32.13M","3.01%"
"08/24/2015","6,838.37","7,299.95","7,299.95","6,666.71","52.57M","-6.32%"
"08/21/2015","7,299.95","7,374.44","7,374.44","7,269.06","9.75M","-1.01%"
"08/20/2015","7,374.44","7,415.28","7,438.71","7,361.43","6.77M","-0.55%"
"08/19/2015","7,415.28","7,395.33","7,439.98","7,394.51","16.09M","0.27%"
"08/18/2015","7,395.33","7,394.18","7,444.54","7,394.18","6.38M","0.02%"
"08/17/2015","7,394.18","7,495.59","7,533.12","7,394.18","5.96M","-1.35%"
"08/14/2015","7,495.59","7,506.67","7,546.88","7,478.89","9.34M","-0.15%"
"08/13/2015","7,506.67","7,477.54","7,543.71","7,466.99","7.25M","0.39%"
"08/12/2015","7,477.54","7,597.41","7,632.34","7,475.92","22.69M","-1.58%"
"08/11/2015","7,597.41","7,638.89","7,660.94","7,597.41","9.74M","-0.54%"
"08/10/2015","7,638.89","7,601.51","7,651.59","7,591.36","7.22M","0.49%"
"08/07/2015","7,601.51","7,592.31","7,636.88","7,592.31","6.01M","0.12%"
"08/06/2015","7,592.31","7,595.48","7,638.05","7,592.31","9.83M","-0.04%"
"08/05/2015","7,595.48","7,599.81","7,626.73","7,574.02","17.20M","-0.06%"
"08/04/2015","7,599.81","7,543.31","7,626.44","7,543.31","9.67M","0.75%"
"08/03/2015","7,543.31","7,603.24","7,606.17","7,543.31","5.72M","-0.79%"
"07/31/2015","7,603.24","7,606.54","7,618.59","7,560.01","4.14M","-0.04%"
"07/30/2015","7,606.54","7,556.44","7,615.36","7,556.44","20.72M","0.66%"
"07/29/2015","7,556.44","7,554.78","7,606.81","7,553.95","7.88M","0.02%"
"07/28/2015","7,554.78","7,525.91","7,561.27","7,513.86","11.04M","0.38%"
"07/27/2015","7,525.91","7,536.99","7,537.17","7,502.75","18.17M","-0.15%"
"07/24/2015","7,536.99","7,531.68","7,554.86","7,520.51","9.23M","0.07%"
"07/23/2015","7,531.68","7,533.05","7,562.31","7,516.35","44.87M","-0.02%"
"07/22/2015","7,533.05","7,561.26","7,568.26","7,523.74","16.53M","-0.37%"
"07/21/2015","7,561.26","7,608.02","7,629.74","7,547.60","9.70M","-0.61%"
"07/20/2015","7,608.02","7,593.32","7,694.83","7,591.30","20.28M","0.19%"
"07/17/2015","7,593.32","7,529.25","7,761.04","7,513.84","34.80M","0.85%"
"07/16/2015","7,529.25","7,463.56","7,554.02","7,463.13","28.24M","0.88%"
"07/15/2015","7,463.56","7,394.63","7,488.77","7,390.72","35.39M","0.93%"
"07/14/2015","7,394.63","7,385.81","7,413.04","7,374.99","11.33M","0.12%"
"07/13/2015","7,385.81","7,290.98","7,387.54","7,271.48","16.10M","1.30%"
"07/10/2015","7,290.98","7,179.54","7,301.80","7,154.56","9.40M","1.55%"
"07/09/2015","7,179.54","7,182.84","7,188.50","7,137.55","31.46M","-0.05%"
"07/08/2015","7,182.84","7,216.85","7,232.57","7,177.63","19.16M","-0.47%"
"07/07/2015","7,216.85","7,227.43","7,238.83","7,172.57","15.86M","-0.15%"
"07/06/2015","7,227.43","7,264.85","7,264.85","7,180.48","4.70M","-0.52%"
"07/03/2015","7,264.85","7,323.74","7,331.85","7,236.74","8.60M","-0.80%"
"07/02/2015","7,323.74","7,381.94","7,385.48","7,323.74","19.92M","-0.79%"
"07/01/2015","7,381.94","7,298.33","7,385.93","7,289.84","15.42M","1.15%"
"06/30/2015","7,298.33","7,264.70","7,304.18","7,218.70","18.09M","0.46%"
"06/29/2015","7,264.70","7,320.83","7,320.83","7,099.77","11.42M","-0.77%"
"06/26/2015","7,320.83","7,261.02","7,329.47","7,249.14","25.46M","0.82%"
"06/25/2015","7,261.02","7,250.06","7,279.16","7,227.39","15.19M","0.15%"
"06/24/2015","7,250.06","7,227.56","7,261.26","7,210.67","38.90M","0.31%"
"06/23/2015","7,227.56","7,293.87","7,297.35","7,176.69","22.65M","-0.91%"
"06/22/2015","7,293.87","7,285.41","7,316.97","7,274.19","19.19M","0.12%"
"06/19/2015","7,285.41","7,279.70","7,319.53","7,279.70","20.39M","0.08%"
"06/18/2015","7,279.70","7,275.48","7,306.59","7,266.73","5.81M","0.06%"
"06/17/2015","7,275.48","7,236.53","7,292.90","7,211.81","5.50M","0.54%"
"06/16/2015","7,236.53","7,302.06","7,306.52","7,203.77","13.35M","-0.90%"
"06/15/2015","7,302.06","7,368.60","7,382.19","7,292.32","9.73M","-0.90%"
"06/12/2015","7,368.60","7,355.95","7,376.50","7,335.33","8.32M","0.17%"
"06/11/2015","7,355.95","7,397.03","7,411.89","7,329.89","12.17M","-0.56%"
"06/10/2015","7,397.03","7,395.53","7,410.15","7,385.02","4.89M","0.02%"
"06/09/2015","7,395.53","7,398.58","7,426.57","7,372.08","14.32M","-0.04%"
"06/08/2015","7,398.58","7,441.02","7,458.53","7,395.91","5.32M","-0.57%"
"06/05/2015","7,441.02","7,480.67","7,485.42","7,429.16","6.76M","-0.53%"
"06/04/2015","7,480.67","7,538.74","7,540.71","7,479.08","8.63M","-0.77%"
"06/03/2015","7,538.74","7,543.51","7,559.24","7,521.59","10.03M","-0.06%"
"06/02/2015","7,543.51","7,507.29","7,543.51","7,485.74","11.92M","0.48%"
"05/29/2015","7,507.29","7,423.96","7,515.71","7,385.43","13.05M","1.12%"
"05/28/2015","7,423.96","7,422.91","7,470.41","7,418.87","1.79M","0.01%"
"05/27/2015","7,422.91","7,443.27","7,459.68","7,422.91","12.41M","-0.27%"
"05/26/2015","7,443.27","7,451.82","7,457.85","7,435.39","5.88M","-0.11%"
"05/25/2015","7,451.82","7,461.68","7,465.35","7,425.73","4.28M","-0.13%"
"05/22/2015","7,461.68","7,464.07","7,471.18","7,438.27","3.70M","-0.03%"
"05/21/2015","7,464.07","7,478.09","7,485.20","7,430.45","4.08M","-0.19%"
"05/20/2015","7,478.09","7,518.72","7,522.89","7,467.94","4.11M","-0.54%"
"05/19/2015","7,518.72","7,483.25","7,524.09","7,478.44","10.34M","0.47%"
"05/18/2015","7,483.25","7,449.65","7,483.25","7,423.43","6.83M","0.45%"
"05/15/2015","7,449.65","7,472.83","7,506.93","7,413.02","12.47M","-0.31%"
"05/14/2015","7,472.83","7,526.17","7,549.33","7,469.47","4.32M","-0.71%"
"05/13/2015","7,526.17","7,557.47","7,567.21","7,503.30","7.57M","-0.41%"
"05/12/2015","7,557.47","7,562.09","7,563.51","7,513.29","6.05M","-0.06%"
"05/11/2015","7,562.09","7,583.88","7,604.52","7,539.84","3.02M","-0.29%"
"05/08/2015","7,583.88","7,565.18","7,587.79","7,527.91","3.30M","0.25%"
"05/07/2015","7,565.18","7,561.91","7,565.18","7,498.01","2.93M","0.04%"
"05/06/2015","7,561.91","7,604.96","7,627.24","7,559.10","6.46M","-0.57%"
"05/05/2015","7,604.96","7,601.96","7,649.19","7,582.41","20.53M","0.04%"
"05/04/2015","7,601.96","7,547.46","7,602.31","7,534.90","8.05M","0.72%"
"04/30/2015","7,547.46","7,481.96","7,557.01","7,481.96","31.50M","0.88%"
"04/29/2015","7,481.96","7,523.04","7,550.59","7,481.96","13.80M","-0.55%"
"04/28/2015","7,523.04","7,586.21","7,606.49","7,493.47","10.53M","-0.83%"
"04/27/2015","7,586.21","7,561.90","7,604.95","7,555.28","9.64M","0.32%"
"04/24/2015","7,561.90","7,533.03","7,598.37","7,533.03","16.75M","0.38%"
"04/23/2015","7,533.03","7,461.87","7,553.34","7,461.87","34.33M","0.95%"
"04/22/2015","7,461.87","7,503.56","7,516.70","7,450.81","12.46M","-0.56%"
"04/21/2015","7,503.56","7,500.75","7,528.11","7,481.92","34.35M","0.04%"
"04/20/2015","7,500.75","7,552.76","7,552.76","7,469.26","26.21M","-0.69%"
"04/17/2015","7,552.76","7,427.51","7,552.76","7,416.62","27.80M","1.69%"
"04/16/2015","7,427.51","7,349.42","7,430.24","7,349.42","26.81M","1.06%"
"04/15/2015","7,349.42","7,336.35","7,385.90","7,326.35","20.92M","0.18%"
"04/14/2015","7,336.35","7,253.95","7,344.40","7,221.63","13.82M","1.14%"
"04/10/2015","7,253.95","7,207.67","7,266.11","7,201.33","20.16M","0.64%"
"04/09/2015","7,207.67","7,101.21","7,221.77","7,096.41","25.27M","1.50%"
"04/08/2015","7,101.21","7,030.55","7,101.99","7,027.22","3.74M","1.01%"
"04/07/2015","7,030.55","6,999.87","7,041.10","6,983.45","2.49M","0.44%"
"04/06/2015","6,999.87","6,972.59","7,031.51","6,963.53","3.65M","0.39%"
"04/03/2015","6,972.59","7,101.95","7,105.51","6,972.59","5.99M","-1.82%"
"04/02/2015","7,101.95","7,074.71","7,113.95","7,066.27","8.41M","0.39%"
"04/01/2015","7,074.71","7,076.33","7,097.77","7,061.32","21.97M","-0.02%"
"03/31/2015","7,076.33","7,066.93","7,108.99","7,053.48","2.89M","0.13%"
"03/30/2015","7,066.93","6,999.38","7,076.29","6,999.38","5.13M","0.97%"
"03/27/2015","6,999.38","7,009.13","7,031.42","6,999.08","1.91M","-0.14%"
"03/26/2015","7,009.13","6,996.61","7,050.06","6,986.07","29.97M","0.18%"
"03/25/2015","6,996.61","6,998.46","7,045.42","6,975.85","20.18M","-0.03%"
"03/24/2015","6,998.46","7,010.78","7,033.47","6,979.20","28.82M","-0.18%"
"03/23/2015","7,010.78","6,931.32","7,011.61","6,926.99","19.41M","1.15%"
"03/20/2015","6,931.32","6,977.29","7,010.43","6,928.48","10.91M","-0.66%"
"03/19/2015","6,977.29","6,955.72","6,990.25","6,954.68","19.67M","0.31%"
"03/18/2015","6,955.72","6,995.44","7,010.88","6,940.36","20.25M","-0.57%"
"03/17/2015","6,995.44","7,031.34","7,045.80","6,968.67","16.18M","-0.51%"
"03/16/2015","7,031.34","7,035.32","7,077.01","6,999.72","11.64M","-0.06%"
"03/13/2015","7,035.32","7,100.74","7,109.11","7,035.32","12.18M","-0.92%"
"03/12/2015","7,100.74","7,038.19","7,112.72","7,030.53","15.08M","0.89%"
"03/11/2015","7,038.19","7,072.45","7,100.14","7,020.44","25.46M","-0.48%"
"03/10/2015","7,072.45","7,104.87","7,142.63","7,066.28","8.30M","-0.46%"
"03/09/2015","7,104.87","7,155.22","7,165.60","7,102.58","15.54M","-0.70%"
"03/06/2015","7,155.22","7,179.96","7,196.90","7,133.59","14.56M","-0.34%"
"03/05/2015","7,179.96","7,200.93","7,225.09","7,179.90","10.81M","-0.29%"
"03/04/2015","7,200.93","7,189.60","7,227.54","7,179.66","7.82M","0.16%"
"03/03/2015","7,189.60","7,196.81","7,215.06","7,166.95","9.74M","-0.10%"
"03/02/2015","7,196.81","7,145.43","7,217.27","7,145.20","17.26M","0.72%"
"02/27/2015","7,145.43","7,193.56","7,231.16","7,145.43","15.53M","-0.67%"
"02/26/2015","7,193.56","7,251.07","7,274.19","7,128.00","12.40M","-0.79%"
"02/25/2015","7,251.07","7,319.65","7,325.67","7,237.41","19.09M","-0.94%"
"02/24/2015","7,319.65","7,337.76","7,355.66","7,302.35","27.08M","-0.25%"
"02/23/2015","7,337.76","7,306.44","7,338.68","7,303.14","12.13M","0.43%"
"02/20/2015","7,306.44","7,285.89","7,306.44","7,272.21","12.16M","0.28%"
"02/19/2015","7,285.89","7,311.36","7,330.86","7,274.65","15.19M","-0.35%"
"02/18/2015","7,311.36","7,224.38","7,321.52","7,223.44","23.76M","1.20%"
"02/17/2015","7,224.38","7,252.12","7,288.35","7,216.99","11.14M","-0.38%"
"02/16/2015","7,252.12","7,194.98","7,257.99","7,194.98","10.82M","0.79%"
"02/13/2015","7,194.98","7,188.19","7,229.82","7,179.15","8.10M","0.09%"
"02/12/2015","7,188.19","7,158.24","7,203.66","7,158.24","13.05M","0.42%"
"02/11/2015","7,158.24","7,103.56","7,158.56","7,103.56","10.81M","0.77%"
"02/10/2015","7,103.56","7,024.53","7,103.56","7,022.91","9.76M","1.13%"
"02/09/2015","7,024.53","7,058.61","7,077.76","7,002.85","1.85M","-0.48%"
"02/06/2015","7,058.61","7,055.95","7,087.07","7,037.16","3.10M","0.04%"
"02/05/2015","7,055.95","7,064.17","7,071.73","7,036.86","9.49M","-0.12%"
"02/04/2015","7,064.17","7,029.27","7,074.98","7,029.27","12.36M","0.50%"
"02/03/2015","7,029.27","7,014.88","7,061.85","7,014.80","8.00M","0.21%"
"02/02/2015","7,014.88","7,033.17","7,064.32","6,989.37","30.76M","-0.26%"
"01/30/2015","7,033.17","7,011.07","7,067.27","7,011.07","17.21M","0.32%"
"01/29/2015","7,011.07","7,007.52","7,026.19","6,992.35","9.26M","0.05%"
"01/28/2015","7,007.52","6,951.37","7,013.17","6,951.37","20.55M","0.81%"
"01/27/2015","6,951.37","6,999.10","7,023.12","6,951.37","17.37M","-0.68%"
"01/26/2015","6,999.10","7,056.81","7,068.05","6,989.62","9.61M","-0.82%"
"01/23/2015","7,056.81","7,038.10","7,095.90","7,025.87","11.31M","0.27%"
"01/22/2015","7,038.10","7,011.69","7,057.43","6,995.68","28.29M","0.38%"
"01/21/2015","7,011.69","7,016.06","7,065.62","7,005.57","16.32M","-0.06%"
"01/20/2015","7,016.06","6,971.36","7,016.06","6,967.67","6.55M","0.64%"
"01/19/2015","6,971.36","6,988.12","7,026.54","6,967.97","12.23M","-0.24%"
"01/16/2015","6,988.12","6,935.99","7,008.31","6,930.86","17.04M","0.75%"
"01/15/2015","6,935.99","7,014.14","7,021.76","6,927.02","31.70M","-1.11%"
"01/14/2015","7,014.14","7,050.66","7,050.66","6,991.00","8.76M","-0.52%"
"01/13/2015","7,050.66","7,017.66","7,050.66","6,984.24","25.07M","0.47%"
"01/12/2015","7,017.66","7,015.87","7,066.49","6,997.94","10.51M","0.03%"
"01/09/2015","7,015.87","7,060.77","7,123.40","7,015.87","13.17M","-0.64%"
"01/08/2015","7,060.77","7,004.75","7,083.53","6,993.79","32.63M","0.80%"
"01/07/2015","7,004.75","6,913.35","7,004.75","6,901.23","10.66M","1.32%"
"01/06/2015","6,913.35","6,970.85","6,970.85","6,860.45","19.89M","-0.82%"
"01/05/2015","6,970.85","7,083.00","7,088.10","6,967.69","18.89M","-1.58%"
"12/30/2014","7,083.00","7,015.23","7,083.00","6,955.00","14.06M","0.97%"
"12/29/2014","7,015.23","6,899.74","7,022.14","6,899.74","8.99M","1.67%"
"12/23/2014","6,899.74","6,924.22","6,941.14","6,897.97","9.72M","-0.35%"
"12/22/2014","6,924.22","6,823.58","6,926.83","6,823.58","14.51M","1.47%"
"12/19/2014","6,823.58","6,703.05","6,881.61","6,703.05","27.36M","1.80%"
"12/18/2014","6,703.05","6,503.12","6,743.76","6,503.12","43.36M","3.07%"
"12/17/2014","6,503.12","6,607.74","6,617.57","6,503.12","22.39M","-1.58%"
"12/16/2014","6,607.74","6,666.45","6,704.62","6,580.18","14.94M","-0.88%"
"12/15/2014","6,666.45","6,676.61","6,710.83","6,664.97","17.60M","-0.15%"
"12/12/2014","6,676.61","6,742.43","6,784.40","6,676.61","21.62M","-0.98%"
"12/11/2014","6,742.43","6,879.17","6,921.46","6,742.43","38.91M","-1.99%"
"12/10/2014","6,879.17","6,907.80","6,941.74","6,876.35","24.21M","-0.41%"
"12/09/2014","6,907.80","7,008.80","7,029.49","6,900.00","34.99M","-1.44%"
"12/08/2014","7,008.80","7,023.61","7,072.47","7,008.80","40.56M","-0.21%"
"12/05/2014","7,023.61","7,000.87","7,039.11","6,997.89","26.74M","0.32%"
"12/04/2014","7,000.87","6,951.71","7,026.40","6,951.71","34.45M","0.71%"
"12/03/2014","6,951.71","6,926.72","6,982.09","6,925.33","25.53M","0.36%"
"12/02/2014","6,926.72","6,936.54","6,972.54","6,926.72","9.68M","-0.14%"
"11/28/2014","6,936.54","6,964.42","6,981.07","6,918.72","17.31M","-0.40%"
"11/27/2014","6,964.42","6,965.57","6,986.23","6,949.23","5.44M","-0.02%"
"11/26/2014","6,965.57","6,977.28","6,992.86","6,925.93","6.90M","-0.17%"
"11/25/2014","6,977.28","6,934.17","6,981.38","6,909.37","9.33M","0.62%"
"11/24/2014","6,934.17","6,949.79","6,981.58","6,933.77","9.08M","-0.22%"
"11/21/2014","6,949.79","6,914.63","6,953.87","6,914.63","12.38M","0.51%"
"11/20/2014","6,914.63","6,950.63","6,959.49","6,911.85","6.46M","-0.52%"
"11/19/2014","6,950.63","6,946.85","6,974.24","6,935.35","2.08M","0.05%"
"11/18/2014","6,946.85","6,967.92","6,994.42","6,931.32","5.72M","-0.30%"
"11/17/2014","6,967.92","6,954.78","6,988.67","6,954.78","4.24M","0.19%"
"11/14/2014","6,954.78","6,942.25","6,978.63","6,942.25","11.89M","0.18%"
"11/13/2014","6,942.25","6,959.52","7,018.15","6,942.25","8.90M","-0.25%"
"11/12/2014","6,959.52","6,962.84","7,002.01","6,958.78","7.41M","-0.05%"
"11/11/2014","6,962.84","7,001.40","7,027.22","6,962.84","4.13M","-0.55%"
"11/10/2014","7,001.40","7,009.95","7,039.22","7,001.40","17.04M","-0.12%"
"11/07/2014","7,009.95","6,962.37","7,026.50","6,962.37","44.81M","0.68%"
"11/06/2014","6,962.37","6,945.93","7,018.33","6,944.79","10.79M","0.24%"
"11/05/2014","6,945.93","6,994.35","7,030.52","6,945.93","14.76M","-0.69%"
"11/04/2014","6,994.35","7,022.36","7,046.18","6,994.35","7.47M","-0.40%"
"11/03/2014","7,022.36","7,034.90","7,060.77","7,005.73","6.31M","-0.18%"
"10/31/2014","7,034.90","6,985.47","7,038.82","6,985.47","9.63M","0.71%"
"10/30/2014","6,985.47","6,996.34","7,024.20","6,967.98","22.03M","-0.16%"
"10/29/2014","6,996.34","7,028.84","7,073.74","6,996.34","17.22M","-0.46%"
"10/28/2014","7,028.84","7,036.24","7,073.23","7,012.45","5.19M","-0.11%"
"10/27/2014","7,036.24","7,044.76","7,101.14","7,028.15","7.47M","-0.12%"
"10/24/2014","7,044.76","7,066.94","7,076.68","7,044.29","5.55M","-0.31%"
"10/23/2014","7,066.94","6,986.11","7,070.08","6,974.67","16.50M","1.16%"
"10/22/2014","6,986.11","6,928.58","7,004.01","6,928.58","25.32M","0.83%"
"10/21/2014","6,928.58","6,835.77","6,959.98","6,832.95","31.43M","1.36%"
"10/20/2014","6,835.77","6,810.34","6,938.73","6,810.34","9.57M","0.37%"
"10/17/2014","6,810.34","6,699.83","6,835.81","6,699.83","22.55M","1.65%"
"10/16/2014","6,699.83","6,891.58","6,907.58","6,697.20","31.41M","-2.78%"
"10/15/2014","6,891.58","6,938.67","6,989.33","6,884.63","57.83M","-0.68%"
"10/14/2014","6,938.67","6,978.15","6,992.55","6,896.79","15.22M","-0.57%"
"10/13/2014","6,978.15","7,010.50","7,010.50","6,974.26","18.50M","-0.46%"
"10/10/2014","7,010.50","7,130.77","7,130.77","6,997.72","30.85M","-1.69%"
"10/09/2014","7,130.77","7,145.66","7,202.40","7,130.77","7.50M","-0.21%"
"10/08/2014","7,145.66","7,231.95","7,231.95","7,144.72","8.64M","-1.19%"
"10/07/2014","7,231.95","7,240.15","7,283.86","7,218.01","18.10M","-0.11%"
"10/06/2014","7,240.15","7,246.34","7,296.35","7,223.08","13.19M","-0.09%"
"10/03/2014","7,246.34","7,228.82","7,254.14","7,221.05","10.06M","0.24%"
"10/02/2014","7,228.82","7,278.03","7,286.54","7,228.82","11.31M","-0.68%"
"10/01/2014","7,278.03","7,263.23","7,309.05","7,263.23","18.96M","0.20%"
"09/30/2014","7,263.23","7,202.90","7,263.23","7,202.90","30.92M","0.84%"
"09/29/2014","7,202.90","7,169.86","7,218.19","7,161.54","3.84M","0.46%"
"09/26/2014","7,169.86","7,200.61","7,200.61","7,147.65","5.33M","-0.43%"
"09/25/2014","7,200.61","7,181.88","7,237.55","7,180.14","4.91M","0.26%"
"09/24/2014","7,181.88","7,205.40","7,209.78","7,138.71","4.03M","-0.33%"
"09/23/2014","7,205.40","7,237.26","7,251.40","7,180.42","7.88M","-0.44%"
"09/22/2014","7,237.26","7,203.72","7,267.03","7,203.72","10.44M","0.47%"
"09/19/2014","7,203.72","7,212.81","7,271.93","7,203.72","11.73M","-0.13%"
"09/18/2014","7,212.81","7,176.20","7,223.07","7,173.63","10.97M","0.51%"
"09/17/2014","7,176.20","7,110.06","7,204.36","7,110.06","17.35M","0.93%"
"09/16/2014","7,110.06","7,124.08","7,143.45","7,096.84","30.94M","-0.20%"
"09/15/2014","7,124.08","7,085.57","7,136.29","7,085.57","45.23M","0.54%"
"09/12/2014","7,085.57","7,083.71","7,104.96","7,074.94","6.85M","0.03%"
"09/11/2014","7,083.71","7,121.52","7,121.52","7,080.31","12.50M","-0.53%"
"09/10/2014","7,121.52","7,110.72","7,126.82","7,103.22","12.88M","0.15%"
"09/09/2014","7,110.72","7,114.10","7,130.53","7,104.32","5.67M","-0.05%"
"09/08/2014","7,114.10","7,124.85","7,151.35","7,111.70","4.63M","-0.15%"
"09/05/2014","7,124.85","7,134.28","7,178.31","7,115.57","4.77M","-0.13%"
"09/04/2014","7,134.28","7,127.48","7,186.33","7,127.48","10.04M","0.10%"
"09/03/2014","7,127.48","7,098.35","7,130.25","7,093.78","7.20M","0.41%"
"09/02/2014","7,098.35","7,089.51","7,127.29","7,082.84","10.19M","0.12%"
"09/01/2014","7,089.51","7,145.71","7,145.71","7,087.72","10.85M","-0.79%"
"08/29/2014","7,145.71","7,050.56","7,147.34","7,036.36","24.22M","1.35%"
"08/28/2014","7,050.56","7,048.07","7,069.61","7,038.18","6.18M","0.04%"
"08/27/2014","7,048.07","7,040.78","7,049.60","7,031.20","7.70M","0.10%"
"08/26/2014","7,040.78","7,042.40","7,053.25","7,032.01","5.48M","-0.02%"
"08/25/2014","7,042.40","7,039.43","7,053.94","7,022.34","3.05M","0.04%"
"08/22/2014","7,039.43","7,090.41","7,094.45","7,021.23","5.40M","-0.72%"
"08/21/2014","7,090.41","7,074.47","7,090.41","7,035.31","8.11M","0.23%"
"08/20/2014","7,074.47","7,059.41","7,075.99","7,045.10","4.14M","0.21%"
"08/19/2014","7,059.41","7,067.33","7,075.11","7,029.44","14.66M","-0.11%"
"08/18/2014","7,067.33","6,982.90","7,067.33","6,982.32","10.99M","1.21%"
"08/14/2014","6,982.90","6,994.64","7,016.59","6,979.02","18.26M","-0.17%"
"08/13/2014","6,994.64","6,968.46","7,004.81","6,959.43","39.06M","0.38%"
"08/12/2014","6,968.46","6,946.58","6,972.55","6,924.44","13.02M","0.31%"
"08/11/2014","6,946.58","6,915.40","6,971.77","6,915.40","4.64M","0.45%"
"08/08/2014","6,915.40","6,949.23","6,951.91","6,915.40","9.08M","-0.49%"
"08/07/2014","6,949.23","6,964.16","6,991.23","6,942.28","23.40M","-0.21%"
"08/06/2014","6,964.16","6,980.25","6,992.95","6,949.27","9.75M","-0.23%"
"08/05/2014","6,980.25","6,955.91","6,983.76","6,955.91","5.78M","0.35%"
"08/04/2014","6,955.91","6,939.99","6,969.95","6,936.38","14.56M","0.23%"
"08/01/2014","6,939.99","6,918.97","6,939.99","6,877.86","15.29M","0.30%"
"07/31/2014","6,918.97","6,935.73","6,947.97","6,904.26","9.81M","-0.24%"
"07/30/2014","6,935.73","6,892.89","6,940.02","6,860.68","6.20M","0.62%"
"07/29/2014","6,892.89","6,895.18","6,914.82","6,878.93","4.51M","-0.03%"
"07/28/2014","6,895.18","6,954.88","6,954.88","6,892.54","2.92M","-0.86%"
"07/25/2014","6,954.88","6,955.11","6,983.89","6,933.10","10.23M","0.00%"
"07/24/2014","6,955.11","6,928.24","6,957.83","6,925.01","4.49M","0.39%"
"07/23/2014","6,928.24","6,896.38","6,939.33","6,896.38","15.04M","0.46%"
"07/22/2014","6,896.38","6,870.48","6,907.37","6,860.32","9.99M","0.38%"
"07/21/2014","6,870.48","6,876.04","6,876.04","6,842.88","3.85M","-0.08%"
"07/18/2014","6,876.04","6,926.23","6,926.23","6,865.64","3.27M","-0.72%"
"07/17/2014","6,926.23","6,955.19","6,958.17","6,921.11","9.85M","-0.42%"
"07/16/2014","6,955.19","6,933.56","6,961.86","6,904.23","17.45M","0.31%"
"07/15/2014","6,933.56","6,947.65","6,967.51","6,885.20","17.30M","-0.20%"
"07/14/2014","6,947.65","6,850.03","6,947.65","6,850.03","8.38M","1.43%"
"07/11/2014","6,850.03","6,803.19","6,873.09","6,782.58","5.86M","0.69%"
"07/10/2014","6,803.19","6,853.19","6,870.12","6,722.65","10.32M","-0.73%"
"07/09/2014","6,853.19","6,912.66","6,941.51","6,853.19","9.69M","-0.86%"
"07/08/2014","6,912.66","6,966.21","6,966.21","6,899.61","9.18M","-0.77%"
"07/07/2014","6,966.21","7,015.24","7,046.48","6,939.13","14.73M","-0.70%"
"07/04/2014","7,015.24","7,061.06","7,061.07","7,000.02","11.39M","-0.65%"
"07/03/2014","7,061.06","7,078.09","7,099.70","7,048.02","17.91M","-0.24%"
"07/02/2014","7,078.09","7,022.19","7,114.23","7,022.16","26.30M","0.80%"
"07/01/2014","7,022.19","7,013.74","7,034.10","7,007.81","26.86M","0.12%"
"06/30/2014","7,013.74","6,878.47","7,014.98","6,878.47","22.87M","1.97%"
"06/27/2014","6,878.47","6,850.87","6,886.04","6,837.71","18.04M","0.40%"
"06/26/2014","6,850.87","6,857.69","6,871.89","6,837.17","18.40M","-0.10%"
"06/25/2014","6,857.69","6,809.69","6,867.25","6,788.53","24.85M","0.70%"
"06/24/2014","6,809.69","6,760.77","6,821.39","6,755.03","22.73M","0.72%"
"06/23/2014","6,760.77","6,747.78","6,769.43","6,747.18","12.90M","0.19%"
"06/20/2014","6,747.78","6,754.27","6,794.99","6,744.17","20.24M","-0.10%"
"06/19/2014","6,754.27","6,779.37","6,804.61","6,739.26","18.45M","-0.37%"
"06/18/2014","6,779.37","6,737.76","6,779.37","6,729.01","14.61M","0.62%"
"06/17/2014","6,737.76","6,861.44","6,877.97","6,737.76","16.52M","-1.80%"
"06/16/2014","6,861.44","6,914.76","6,914.76","6,829.12","4.88M","-0.77%"
"06/13/2014","6,914.76","6,911.63","6,934.23","6,852.44","10.36M","0.05%"
"06/12/2014","6,911.63","6,778.60","6,911.63","6,734.02","13.66M","1.96%"
"06/11/2014","6,778.60","6,746.40","6,778.60","6,739.28","18.65M","0.48%"
"06/10/2014","6,746.40","6,692.60","6,748.48","6,664.78","18.93M","0.80%"
"06/06/2014","6,692.60","6,643.27","6,693.39","6,627.09","10.03M","0.74%"
"06/05/2014","6,643.27","6,640.50","6,647.62","6,622.35","7.18M","0.04%"
"06/04/2014","6,640.50","6,656.79","6,665.44","6,615.67","8.72M","-0.24%"
"06/03/2014","6,656.79","6,684.33","6,697.89","6,644.06","8.67M","-0.41%"
"06/02/2014","6,684.33","6,722.53","6,723.50","6,684.33","18.53M","-0.57%"
"05/30/2014","6,722.53","6,662.20","6,722.53","6,660.62","34.76M","0.91%"
"05/29/2014","6,662.20","6,556.44","6,666.90","6,546.57","13.24M","1.61%"
"05/28/2014","6,556.44","6,523.21","6,593.79","6,514.24","17.45M","0.51%"
"05/27/2014","6,523.21","6,488.91","6,552.92","6,476.56","11.14M","0.53%"
"05/26/2014","6,488.91","6,448.25","6,491.94","6,429.94","12.35M","0.63%"
"05/23/2014","6,448.25","6,376.79","6,453.57","6,371.75","22.42M","1.12%"
"05/22/2014","6,376.79","6,360.43","6,409.22","6,360.43","12.33M","0.26%"
"05/21/2014","6,360.43","6,439.26","6,448.06","6,360.43","9.66M","-1.22%"
"05/20/2014","6,439.26","6,456.60","6,456.60","6,407.17","7.48M","-0.27%"
"05/19/2014","6,456.60","6,428.33","6,456.60","6,389.57","11.03M","0.44%"
"05/16/2014","6,428.33","6,426.35","6,472.17","6,379.75","15.47M","0.03%"
"05/15/2014","6,426.35","6,463.65","6,495.38","6,418.16","11.54M","-0.58%"
"05/14/2014","6,463.65","6,588.84","6,591.08","6,432.47","12.37M","-1.90%"
"05/13/2014","6,588.84","6,605.86","6,610.06","6,582.53","17.37M","-0.26%"
"05/12/2014","6,605.86","6,608.75","6,621.89","6,582.11","8.33M","-0.04%"
"05/09/2014","6,608.75","6,550.92","6,608.75","6,547.56","13.25M","0.88%"
"05/08/2014","6,550.92","6,475.30","6,550.92","6,457.15","16.47M","1.17%"
"05/07/2014","6,475.30","6,423.66","6,479.60","6,419.47","13.24M","0.80%"
"05/06/2014","6,423.66","6,401.39","6,432.06","6,401.39","15.63M","0.35%"
"05/05/2014","6,401.39","6,432.35","6,443.04","6,389.96","8.40M","-0.48%"
"05/02/2014","6,432.35","6,424.43","6,442.07","6,415.53","27.46M","0.12%"
"04/30/2014","6,424.43","6,328.45","6,425.05","6,328.45","10.97M","1.52%"
"04/29/2014","6,328.45","6,331.79","6,337.05","6,317.61","8.80M","-0.05%"
"04/28/2014","6,331.79","6,417.32","6,419.19","6,329.19","7.73M","-1.33%"
"04/25/2014","6,417.32","6,479.57","6,479.57","6,413.82","13.23M","-0.96%"
"04/24/2014","6,479.57","6,509.83","6,517.80","6,463.66","18.72M","-0.46%"
"04/23/2014","6,509.83","6,513.09","6,531.13","6,501.40","12.24M","-0.05%"
"04/22/2014","6,513.09","6,491.51","6,514.07","6,482.03","7.16M","0.33%"
"04/18/2014","6,491.51","6,500.30","6,503.99","6,478.14","1.93M","-0.14%"
"04/17/2014","6,500.30","6,497.88","6,501.03","6,471.01","5.13M","0.04%"
"04/16/2014","6,497.88","6,489.77","6,499.41","6,475.81","7.71M","0.12%"
"04/15/2014","6,489.77","6,409.20","6,489.77","6,408.96","9.24M","1.26%"
"04/14/2014","6,409.20","6,435.31","6,454.55","6,407.59","7.00M","-0.41%"
"04/11/2014","6,435.31","6,472.11","6,476.13","6,431.06","16.67M","-0.57%"
"04/10/2014","6,472.11","6,460.13","6,486.70","6,458.31","9.22M","0.19%"
"04/09/2014","6,460.13","6,449.41","6,466.88","6,425.82","7.16M","0.17%"
"04/08/2014","6,449.41","6,461.88","6,482.97","6,430.50","8.10M","-0.19%"
"04/07/2014","6,461.88","6,451.61","6,461.88","6,427.59","5.11M","0.16%"
"04/04/2014","6,451.61","6,457.69","6,460.12","6,428.21","9.43M","-0.09%"
"04/03/2014","6,457.69","6,431.97","6,457.69","6,407.80","8.61M","0.40%"
"04/02/2014","6,431.97","6,359.05","6,431.97","6,355.58","15.29M","1.15%"
"04/01/2014","6,359.05","6,323.74","6,359.21","6,321.81","8.30M","0.56%"
"03/31/2014","6,323.74","6,331.09","6,350.96","6,322.18","27.30M","-0.12%"
"03/28/2014","6,331.09","6,333.65","6,368.35","6,331.09","12.71M","-0.04%"
"03/27/2014","6,333.65","6,317.11","6,333.65","6,305.69","11.64M","0.26%"
"03/26/2014","6,317.11","6,248.65","6,317.11","6,248.65","24.91M","1.10%"
"03/25/2014","6,248.65","6,266.60","6,288.83","6,240.89","7.83M","-0.29%"
"03/24/2014","6,266.60","6,239.38","6,292.56","6,216.66","7.74M","0.44%"
"03/21/2014","6,239.38","6,291.44","6,308.15","6,211.62","5.82M","-0.83%"
"03/20/2014","6,291.44","6,272.32","6,291.44","6,254.20","7.13M","0.30%"
"03/19/2014","6,272.32","6,276.65","6,287.02","6,257.61","9.18M","-0.07%"
"03/18/2014","6,276.65","6,242.63","6,276.74","6,241.41","18.88M","0.54%"
"03/17/2014","6,242.63","6,135.55","6,242.63","6,134.06","16.88M","1.75%"
"03/14/2014","6,135.55","6,228.95","6,228.95","6,110.93","6.95M","-1.50%"
"03/13/2014","6,228.95","6,255.62","6,255.62","6,200.19","19.18M","-0.43%"
"03/12/2014","6,255.62","6,328.56","6,333.29","6,236.64","12.09M","-1.15%"
"03/11/2014","6,328.56","6,324.13","6,349.44","6,321.15","5.15M","0.07%"
"03/10/2014","6,324.13","6,377.61","6,380.47","6,324.13","3.88M","-0.84%"
"03/07/2014","6,377.61","6,389.20","6,408.26","6,363.98","15.75M","-0.18%"
"03/06/2014","6,389.20","6,331.53","6,398.37","6,331.53","6.83M","0.91%"
"03/05/2014","6,331.53","6,305.44","6,345.92","6,305.44","14.20M","0.41%"
"03/04/2014","6,305.44","6,190.96","6,306.44","6,190.96","17.79M","1.85%"
"03/03/2014","6,190.96","6,435.58","6,435.58","6,190.96","38.42M","-3.80%"
"02/28/2014","6,435.58","6,374.54","6,435.58","6,374.54","12.32M","0.96%"
"02/27/2014","6,374.54","6,372.95","6,389.13","6,356.63","10.90M","0.02%"
"02/26/2014","6,372.95","6,480.68","6,480.68","6,372.95","19.14M","-1.66%"
"02/25/2014","6,480.68","6,474.67","6,509.37","6,462.80","21.66M","0.09%"
"02/24/2014","6,474.67","6,484.45","6,502.22","6,468.63","11.08M","-0.15%"
"02/21/2014","6,484.45","6,421.36","6,484.89","6,420.03","6.75M","0.98%"
"02/20/2014","6,421.36","6,431.60","6,437.89","6,396.07","8.39M","-0.16%"
"02/19/2014","6,431.60","6,423.04","6,474.37","6,423.04","10.22M","0.13%"
"02/18/2014","6,423.04","6,416.47","6,447.28","6,405.81","5.04M","0.10%"
"02/17/2014","6,416.47","6,374.07","6,421.48","6,374.07","8.35M","0.67%"
"02/14/2014","6,374.07","6,361.39","6,404.54","6,344.70","16.48M","0.20%"
"02/13/2014","6,361.39","6,326.70","6,361.39","6,311.34","7.33M","0.55%"
"02/12/2014","6,326.70","6,341.98","6,341.98","6,292.71","8.42M","-0.24%"
"02/11/2014","6,341.98","6,340.12","6,373.21","6,335.99","5.64M","0.03%"
"02/10/2014","6,340.12","6,369.56","6,379.51","6,340.12","6.86M","-0.46%"
"02/07/2014","6,369.56","6,371.90","6,388.02","6,358.05","22.26M","-0.04%"
"02/06/2014","6,371.90","6,346.57","6,373.81","6,338.36","12.63M","0.40%"
"02/05/2014","6,346.57","6,360.21","6,394.58","6,343.24","5.31M","-0.21%"
"02/04/2014","6,360.21","6,434.39","6,434.39","6,293.95","5.88M","-1.15%"
"02/03/2014","6,434.39","6,378.98","6,440.39","6,284.26","20.67M","0.87%"
"01/31/2014","6,378.98","6,428.63","6,457.68","6,357.99","21.83M","-0.77%"
"01/30/2014","6,428.63","6,446.84","6,446.84","6,385.13","11.53M","-0.28%"
"01/29/2014","6,446.84","6,489.52","6,516.12","6,413.78","19.08M","-0.66%"
"01/28/2014","6,489.52","6,482.44","6,514.68","6,478.06","9.30M","0.11%"
"01/27/2014","6,482.44","6,493.57","6,498.03","6,395.01","9.47M","-0.17%"
"01/24/2014","6,493.57","6,569.54","6,571.00","6,487.93","16.16M","-1.16%"
"01/23/2014","6,569.54","6,577.69","6,580.73","6,544.30","6.57M","-0.12%"
"01/22/2014","6,577.69","6,567.17","6,587.45","6,562.39","11.33M","0.16%"
"01/21/2014","6,567.17","6,558.65","6,590.35","6,545.41","13.28M","0.13%"
"01/20/2014","6,558.65","6,559.86","6,578.81","6,548.16","11.39M","-0.02%"
"01/17/2014","6,559.86","6,539.82","6,559.86","6,517.33","12.92M","0.31%"
"01/16/2014","6,539.82","6,526.26","6,540.70","6,508.11","12.08M","0.21%"
"01/15/2014","6,526.26","6,508.48","6,548.89","6,508.29","12.79M","0.27%"
"01/14/2014","6,508.48","6,570.35","6,570.35","6,507.43","9.83M","-0.94%"
"01/13/2014","6,570.35","6,599.76","6,603.34","6,569.92","15.46M","-0.45%"
"01/10/2014","6,599.76","6,572.23","6,610.45","6,572.23","9.01M","0.42%"
"01/09/2014","6,572.23","6,549.82","6,574.85","6,549.76","15.04M","0.34%"
"01/08/2014","6,549.82","6,500.03","6,553.59","6,499.41","20.31M","0.77%"
"01/07/2014","6,500.03","6,458.51","6,500.03","6,456.47","12.44M","0.64%"
"01/06/2014","6,458.51","6,485.42","6,508.66","6,433.93","3.24M","-0.41%"
"01/03/2014","6,485.42","6,493.79","6,508.44","6,478.64","10.98M","-0.13%"
"12/30/2013","6,493.79","6,477.94","6,502.72","6,477.94","9.71M","0.24%"
"12/27/2013","6,477.94","6,416.22","6,481.69","6,416.22","6.02M","0.96%"
"12/23/2013","6,416.22","6,376.63","6,419.04","6,348.49","8.88M","0.62%"
"12/20/2013","6,376.63","6,371.82","6,398.28","6,362.23","13.04M","0.08%"
"12/19/2013","6,371.82","6,297.63","6,372.81","6,297.63","19.98M","1.18%"
"12/18/2013","6,297.63","6,310.32","6,317.80","6,279.67","32.57M","-0.20%"
"12/17/2013","6,310.32","6,310.08","6,315.42","6,280.45","33.50M","0.00%"
"12/16/2013","6,310.08","6,295.38","6,310.08","6,279.59","27.11M","0.23%"
"12/13/2013","6,295.38","6,272.47","6,295.38","6,255.73","19.67M","0.37%"
"12/12/2013","6,272.47","6,261.00","6,305.39","6,253.81","37.71M","0.18%"
"12/11/2013","6,261.00","6,226.23","6,261.00","6,215.16","22.43M","0.56%"
"12/10/2013","6,226.23","6,355.81","6,355.81","6,224.82","52.48M","-2.04%"
"12/09/2013","6,355.81","6,359.51","6,379.62","6,322.47","54.12M","-0.06%"
"12/06/2013","6,359.51","6,362.87","6,371.72","6,340.30","20.79M","-0.05%"
"12/05/2013","6,362.87","6,356.67","6,380.67","6,346.03","21.48M","0.10%"
"12/04/2013","6,356.67","6,383.91","6,392.83","6,335.44","25.85M","-0.43%"
"12/03/2013","6,383.91","6,387.08","6,394.62","6,345.32","29.48M","-0.05%"
"12/02/2013","6,387.08","6,335.09","6,415.90","6,331.88","40.37M","0.82%"
"11/29/2013","6,335.09","6,276.37","6,335.09","6,258.22","48.36M","0.94%"
"11/28/2013","6,276.37","6,218.58","6,279.46","6,218.58","28.91M","0.93%"
"11/27/2013","6,218.58","6,193.67","6,223.57","6,189.58","30.04M","0.40%"
"11/26/2013","6,193.67","6,225.59","6,228.58","6,189.82","36.33M","-0.51%"
"11/25/2013","6,225.59","6,207.19","6,230.00","6,192.17","58.53M","0.30%"
"11/22/2013","6,207.19","6,183.85","6,207.19","6,174.80","7.11M","0.38%"
"11/21/2013","6,183.85","6,175.96","6,185.76","6,123.05","17.82M","0.13%"
"11/20/2013","6,175.96","6,192.99","6,205.07","6,172.57","14.89M","-0.27%"
"11/19/2013","6,192.99","6,135.53","6,192.99","6,135.53","33.61M","0.94%"
"11/18/2013","6,135.53","6,123.89","6,150.22","6,116.46","43.38M","0.19%"
"11/15/2013","6,123.89","6,101.23","6,139.15","6,101.23","32.85M","0.37%"
"11/14/2013","6,101.23","6,068.48","6,147.56","6,061.70","64.05M","0.54%"
"11/13/2013","6,068.48","6,175.55","6,176.22","6,063.27","68.71M","-1.73%"
"11/12/2013","6,175.55","6,177.56","6,209.07","6,169.97","10.24M","-0.03%"
"11/11/2013","6,177.56","6,194.91","6,199.46","6,157.33","9.73M","-0.28%"
"11/08/2013","6,194.91","6,234.28","6,239.32","6,168.36","17.49M","-0.63%"
"11/07/2013","6,234.28","6,285.53","6,286.47","6,220.74","19.26M","-0.82%"
"11/06/2013","6,285.53","6,226.28","6,290.45","6,226.28","","0.95%"
"11/05/2013","6,226.28","6,186.41","6,247.42","6,186.41","30.73M","0.64%"
"11/04/2013","6,186.41","6,119.59","6,199.80","6,116.91","42.56M","1.09%"
"11/01/2013","6,119.59","6,066.31","6,125.05","6,066.31","18.69M","0.88%"
"10/31/2013","6,066.31","6,036.04","6,069.80","6,030.62","23.61M","0.50%"
"10/30/2013","6,036.04","6,040.69","6,063.98","6,036.04","8.81M","-0.08%"
"10/29/2013","6,040.69","5,932.14","6,040.69","5,930.40","23.16M","1.83%"
"10/28/2013","5,932.14","5,974.10","6,010.08","5,916.73","8.68M","-0.70%"
"10/25/2013","5,974.10","5,964.66","5,980.05","5,945.39","5.83M","0.16%"
"10/24/2013","5,964.66","5,924.89","5,964.66","5,917.98","5.14M","0.67%"
"10/23/2013","5,924.89","5,923.75","5,933.37","5,905.52","9.06M","0.02%"
"10/22/2013","5,923.75","5,932.47","5,939.77","5,904.77","14.26M","-0.15%"
"10/21/2013","5,932.47","5,973.22","5,974.90","5,902.14","13.32M","-0.68%"
"10/18/2013","5,973.22","6,032.99","6,032.99","5,944.99","","-0.99%"
"10/17/2013","6,032.99","6,044.98","6,076.94","6,022.13","15.69M","-0.20%"
"10/16/2013","6,044.98","6,008.07","6,045.43","5,984.09","10.83M","0.61%"
"10/15/2013","6,008.07","5,967.24","6,026.15","5,948.40","7.90M","0.68%"
"10/14/2013","5,967.24","5,990.19","6,004.99","5,947.50","11.56M","-0.38%"
"10/11/2013","5,990.19","6,038.62","6,063.74","5,978.96","55.60M","-0.80%"
"10/10/2013","6,038.62","5,959.54","6,071.67","5,959.54","51.91M","1.33%"
"10/09/2013","5,959.54","5,983.54","5,998.11","5,949.33","15.19M","-0.40%"
"10/08/2013","5,983.54","6,010.05","6,010.05","5,973.48","11.47M","-0.44%"
"10/07/2013","6,010.05","6,059.25","6,074.01","5,995.22","4.65M","-0.81%"
"10/04/2013","6,059.25","6,047.36","6,067.93","6,018.36","17.25M","0.20%"
"10/03/2013","6,047.36","6,029.94","6,048.19","6,010.61","24.62M","0.29%"
"10/02/2013","6,029.94","6,017.68","6,034.62","6,002.29","8.09M","0.20%"
"10/01/2013","6,017.68","6,042.32","6,055.06","5,999.77","18.08M","-0.41%"
"09/30/2013","6,042.32","6,066.16","6,079.10","6,006.21","24.58M","-0.39%"
"09/27/2013","6,066.16","6,069.17","6,094.59","6,048.41","23.43M","-0.05%"
"09/26/2013","6,069.17","6,059.49","6,109.87","6,035.51","21.11M","0.16%"
"09/25/2013","6,059.49","5,916.44","6,062.99","5,916.44","27.11M","2.42%"
"09/24/2013","5,916.44","5,931.35","5,968.50","5,916.44","22.55M","-0.25%"
"09/23/2013","5,931.35","5,865.72","5,937.11","5,847.26","21.59M","1.12%"
"09/20/2013","5,865.72","5,889.63","5,890.18","5,836.23","13.19M","-0.41%"
"09/19/2013","5,889.63","5,824.75","5,889.63","5,824.75","22.50M","1.11%"
"09/18/2013","5,824.75","5,824.78","5,840.54","5,806.41","6.98M","0.00%"
"09/17/2013","5,824.78","5,833.22","5,842.35","5,814.41","9.06M","-0.14%"
"09/16/2013","5,833.22","5,847.70","5,869.63","5,815.82","10.86M","-0.25%"
"09/13/2013","5,847.70","5,800.15","5,847.70","5,798.04","17.23M","0.82%"
"09/12/2013","5,800.15","5,774.87","5,811.12","5,761.95","4.12M","0.44%"
"09/11/2013","5,774.87","5,753.51","5,774.87","5,727.83","38.48M","0.37%"
"09/10/2013","5,753.51","5,729.50","5,775.11","5,729.50","11.84M","0.42%"
"09/09/2013","5,729.50","5,743.79","5,744.28","5,709.30","4.26M","-0.25%"
"09/06/2013","5,743.79","5,758.32","5,759.25","5,715.56","15.45M","-0.25%"
"09/05/2013","5,758.32","5,763.69","5,793.10","5,747.19","8.24M","-0.09%"
"09/04/2013","5,763.69","5,792.90","5,799.99","5,763.45","13.19M","-0.50%"
"09/03/2013","5,792.90","5,841.16","5,855.59","5,792.90","8.77M","-0.83%"
"09/02/2013","5,841.16","5,800.56","5,859.73","5,800.56","2.82M","0.70%"
"08/30/2013","5,800.56","5,788.65","5,809.22","5,776.54","11.01M","0.21%"
"08/29/2013","5,788.65","5,773.18","5,823.65","5,771.04","15.24M","0.27%"
"08/28/2013","5,773.18","5,838.33","5,838.33","5,752.93","23.05M","-1.12%"
"08/27/2013","5,838.33","5,923.21","5,923.21","5,834.84","21.30M","-1.43%"
"08/26/2013","5,923.21","5,952.55","5,960.74","5,912.28","10.08M","-0.49%"
"08/23/2013","5,952.55","5,946.32","5,974.52","5,923.56","8.18M","0.10%"
"08/22/2013","5,946.32","5,898.10","5,954.00","5,890.84","17.86M","0.82%"
"08/21/2013","5,898.10","5,903.55","5,906.74","5,877.24","6.74M","-0.09%"
"08/20/2013","5,903.55","5,933.73","5,936.00","5,874.97","20.87M","-0.51%"
"08/19/2013","5,933.73","5,884.75","5,934.70","5,879.49","12.84M","0.83%"
"08/16/2013","5,884.75","5,870.47","5,905.63","5,833.91","22.45M","0.24%"
"08/14/2013","5,870.47","5,849.07","5,901.10","5,849.07","15.51M","0.37%"
"08/13/2013","5,849.07","5,761.45","5,849.31","5,761.23","21.14M","1.52%"
"08/12/2013","5,761.45","5,749.83","5,768.93","5,726.24","16.38M","0.20%"
"08/09/2013","5,749.83","5,789.79","5,801.27","5,726.69","13.84M","-0.69%"
"08/08/2013","5,789.79","5,754.48","5,816.66","5,754.48","26.20M","0.61%"
"08/07/2013","5,754.48","5,645.59","5,754.48","5,628.67","21.10M","1.93%"
"08/06/2013","5,645.59","5,582.12","5,647.86","5,545.75","20.10M","1.14%"
"08/05/2013","5,582.12","5,511.03","5,584.02","5,500.27","6.14M","1.29%"
"08/02/2013","5,511.03","5,487.26","5,512.72","5,471.85","17.77M","0.43%"
"08/01/2013","5,487.26","5,403.60","5,488.94","5,402.15","23.57M","1.55%"
"07/31/2013","5,403.60","5,398.42","5,423.75","5,389.66","8.74M","0.10%"
"07/30/2013","5,398.42","5,383.23","5,426.41","5,373.69","9.48M","0.28%"
"07/29/2013","5,383.23","5,380.97","5,389.84","5,347.70","11.65M","0.04%"
"07/26/2013","5,380.97","5,361.66","5,386.70","5,358.36","5.35M","0.36%"
"07/25/2013","5,361.66","5,414.13","5,414.13","5,360.40","5.62M","-0.97%"
"07/24/2013","5,414.13","5,420.86","5,420.86","5,371.93","9.63M","-0.12%"
"07/23/2013","5,420.86","5,395.94","5,425.86","5,395.94","14.59M","0.46%"
"07/22/2013","5,395.94","5,426.50","5,432.87","5,393.88","3.94M","-0.56%"
"07/19/2013","5,426.50","5,430.34","5,435.46","5,401.04","8.55M","-0.07%"
"07/18/2013","5,430.34","5,399.66","5,433.65","5,363.70","10.84M","0.57%"
"07/17/2013","5,399.66","5,414.53","5,418.85","5,384.44","18.72M","-0.27%"
"07/16/2013","5,414.53","5,442.19","5,455.92","5,396.18","7.08M","-0.51%"
"07/15/2013","5,442.19","5,416.53","5,447.26","5,407.18","13.05M","0.47%"
"07/12/2013","5,416.53","5,384.51","5,425.64","5,362.35","17.75M","0.59%"
"07/11/2013","5,384.51","5,362.55","5,400.82","5,362.55","11.71M","0.41%"
"07/10/2013","5,362.55","5,347.48","5,386.86","5,346.54","28.55M","0.28%"
"07/09/2013","5,347.48","5,310.66","5,355.54","5,306.74","16.30M","0.69%"
"07/08/2013","5,310.66","5,277.05","5,325.85","5,266.24","16.13M","0.64%"
"07/05/2013","5,277.05","5,258.68","5,293.37","5,258.68","11.57M","0.35%"
"07/04/2013","5,258.68","5,244.15","5,268.38","5,226.77","12.52M","0.28%"
"07/03/2013","5,244.15","5,243.97","5,261.51","5,192.76","14.86M","0.00%"
"07/02/2013","5,243.97","5,281.51","5,313.17","5,243.97","18.05M","-0.71%"
"07/01/2013","5,281.51","5,261.77","5,306.85","5,261.64","5.54M","0.38%"
"06/28/2013","5,261.77","5,282.61","5,307.69","5,261.77","14.39M","-0.39%"
"06/27/2013","5,282.61","5,223.36","5,282.61","5,223.36","9.52M","1.13%"
"06/26/2013","5,223.36","5,246.22","5,277.14","5,223.16","10.94M","-0.44%"
"06/25/2013","5,246.22","5,313.96","5,313.96","5,213.66","13.48M","-1.27%"
"06/21/2013","5,313.96","5,327.66","5,327.66","5,293.60","16.43M","-0.26%"
"06/20/2013","5,327.66","5,377.88","5,377.88","5,315.62","11.99M","-0.93%"
"06/19/2013","5,377.88","5,382.55","5,393.93","5,373.62","6.53M","-0.09%"
"06/18/2013","5,382.55","5,393.94","5,408.05","5,380.87","9.34M","-0.21%"
"06/17/2013","5,393.94","5,365.61","5,399.86","5,365.61","13.20M","0.53%"
"06/14/2013","5,365.61","5,363.12","5,382.76","5,358.60","85.63M","0.05%"
"06/13/2013","5,363.12","5,399.90","5,399.90","5,320.94","16.91M","-0.68%"
"06/12/2013","5,399.90","5,419.12","5,419.12","5,351.81","12.73M","-0.35%"
"06/11/2013","5,419.12","5,420.84","5,425.50","5,392.21","24.98M","-0.03%"
"06/10/2013","5,420.84","5,372.56","5,426.66","5,372.56","30.76M","0.90%"
"06/07/2013","5,372.56","5,378.43","5,378.68","5,348.01","10.37M","-0.11%"
"06/06/2013","5,378.43","5,417.93","5,417.93","5,358.18","18.92M","-0.73%"
"06/05/2013","5,417.93","5,463.18","5,464.05","5,394.10","16.03M","-0.83%"
"06/04/2013","5,463.18","5,448.53","5,465.96","5,426.61","9.22M","0.27%"
"06/03/2013","5,448.53","5,395.49","5,449.43","5,362.27","13.95M","0.98%"
"05/31/2013","5,395.49","5,454.82","5,465.50","5,381.09","10.92M","-1.09%"
"05/30/2013","5,454.82","5,479.19","5,482.35","5,443.68","24.75M","-0.44%"
"05/29/2013","5,479.19","5,494.08","5,494.08","5,457.92","10.71M","-0.27%"
"05/28/2013","5,494.08","5,484.93","5,539.34","5,484.93","12.61M","0.17%"
"05/27/2013","5,484.93","5,466.22","5,530.64","5,448.25","6.65M","0.34%"
"05/24/2013","5,466.22","5,430.81","5,488.42","5,423.13","8.17M","0.65%"
"05/23/2013","5,430.81","5,455.04","5,455.04","5,365.27","17.29M","-0.44%"
"05/22/2013","5,455.04","5,390.82","5,467.69","5,369.41","21.44M","1.19%"
"05/21/2013","5,390.82","5,423.61","5,423.61","5,374.88","29.96M","-0.60%"
"05/20/2013","5,423.61","5,429.18","5,452.63","5,374.82","30.87M","-0.10%"
"05/17/2013","5,429.18","5,481.70","5,499.11","5,420.21","17.12M","-0.96%"
"05/16/2013","5,481.70","5,437.45","5,527.20","5,437.45","22.59M","0.81%"
"05/15/2013","5,437.45","5,366.31","5,442.38","5,345.58","40.67M","1.33%"
"05/14/2013","5,366.31","5,352.74","5,375.47","5,340.82","21.67M","0.25%"
"05/13/2013","5,352.74","5,294.89","5,352.76","5,217.69","33.73M","1.09%"
"05/10/2013","5,294.89","5,339.46","5,339.46","5,269.00","13.37M","-0.83%"
"05/09/2013","5,339.46","5,310.26","5,358.91","5,299.36","20.27M","0.55%"
"05/08/2013","5,310.26","5,309.75","5,318.02","5,287.84","14.38M","0.01%"
"05/07/2013","5,309.75","5,344.92","5,368.55","5,299.92","22.96M","-0.66%"
"05/03/2013","5,344.92","5,346.11","5,364.83","5,341.22","8.66M","-0.02%"
"05/02/2013","5,346.11","5,337.55","5,346.11","5,302.35","17.72M","0.16%"
"04/30/2013","5,337.55","5,339.52","5,342.22","5,294.53","15.34M","-0.04%"
"04/29/2013","5,339.52","5,320.28","5,339.52","5,308.36","19.19M","0.36%"
"04/26/2013","5,320.28","5,312.49","5,331.00","5,302.67","7.16M","0.15%"
"04/25/2013","5,312.49","5,345.12","5,351.81","5,304.58","12.58M","-0.61%"
"04/24/2013","5,345.12","5,308.28","5,354.04","5,226.40","15.70M","0.69%"
"04/23/2013","5,308.28","5,359.99","5,363.45","5,307.58","12.04M","-0.96%"
"04/22/2013","5,359.99","5,364.50","5,371.14","5,350.15","9.42M","-0.08%"
"04/19/2013","5,364.50","5,370.76","5,383.37","5,354.41","19.37M","-0.12%"
"04/18/2013","5,370.76","5,417.30","5,417.30","5,370.76","12.18M","-0.86%"
"04/17/2013","5,417.30","5,449.23","5,465.10","5,395.69","10.16M","-0.59%"
"04/16/2013","5,449.23","5,393.73","5,450.12","5,352.42","15.66M","1.03%"
"04/15/2013","5,393.73","5,466.19","5,470.77","5,371.23","11.34M","-1.33%"
"04/12/2013","5,466.19","5,462.44","5,481.08","5,436.53","33.58M","0.07%"
"04/11/2013","5,462.44","5,458.15","5,534.46","5,440.89","24.31M","0.08%"
"04/10/2013","5,458.15","5,539.78","5,539.78","5,445.43","8.90M","-1.47%"
"04/09/2013","5,539.78","5,562.28","5,562.28","5,525.45","8.38M","-0.40%"
"04/08/2013","5,562.28","5,604.25","5,604.25","5,539.05","9.44M","-0.75%"
"04/05/2013","5,604.25","5,659.19","5,659.19","5,590.12","15.20M","-0.97%"
"04/04/2013","5,659.19","5,687.20","5,687.45","5,638.77","11.09M","-0.49%"
"04/03/2013","5,687.20","5,680.23","5,688.10","5,652.59","10.95M","0.12%"
"04/02/2013","5,680.23","5,635.98","5,680.23","5,606.67","10.57M","0.79%"
"04/01/2013","5,635.98","5,637.12","5,640.36","5,612.43","3.34M","-0.02%"
"03/29/2013","5,637.12","5,679.30","5,706.66","5,633.18","4.93M","-0.74%"
"03/28/2013","5,679.30","5,670.95","5,712.97","5,655.64","45.35M","0.15%"
"03/27/2013","5,670.95","5,736.55","5,738.77","5,642.50","21.93M","-1.14%"
"03/26/2013","5,736.55","5,664.73","5,736.61","5,664.73","19.26M","1.27%"
"03/25/2013","5,664.73","5,655.83","5,676.93","5,643.59","12.06M","0.16%"
"03/22/2013","5,655.83","5,686.84","5,686.84","5,630.51","9.55M","-0.55%"
"03/21/2013","5,686.84","5,747.18","5,749.60","5,685.80","5.42M","-1.05%"
"03/20/2013","5,747.18","5,732.01","5,756.53","5,709.01","28.84M","0.26%"
"03/19/2013","5,732.01","5,682.49","5,732.01","5,667.46","5.28M","0.87%"
"03/18/2013","5,682.49","5,753.17","5,753.17","5,648.66","15.65M","-1.23%"
"03/15/2013","5,753.17","5,758.61","5,765.58","5,742.67","19.20M","-0.09%"
"03/14/2013","5,758.61","5,726.38","5,782.68","5,720.90","24.88M","0.56%"
"03/13/2013","5,726.38","5,721.82","5,729.89","5,702.04","14.67M","0.08%"
"03/12/2013","5,721.82","5,684.23","5,721.98","5,684.11","9.96M","0.66%"
"03/11/2013","5,684.23","5,693.39","5,719.84","5,663.27","11.76M","-0.16%"
"03/08/2013","5,693.39","5,662.77","5,704.60","5,656.68","30.52M","0.54%"
"03/07/2013","5,662.77","5,656.68","5,664.85","5,644.19","13.98M","0.11%"
"03/06/2013","5,656.68","5,620.88","5,678.02","5,620.22","37.79M","0.64%"
"03/05/2013","5,620.88","5,597.40","5,622.68","5,586.83","35.55M","0.42%"
"03/04/2013","5,597.40","5,624.71","5,624.71","5,576.97","9.76M","-0.49%"
"03/01/2013","5,624.71","5,654.11","5,671.06","5,616.64","13.80M","-0.52%"
"02/28/2013","5,654.11","5,610.56","5,680.01","5,610.56","21.15M","0.78%"
"02/27/2013","5,610.56","5,554.84","5,612.52","5,554.84","11.28M","1.00%"
"02/26/2013","5,554.84","5,572.60","5,572.60","5,537.36","18.19M","-0.32%"
"02/25/2013","5,572.60","5,569.91","5,585.55","5,555.33","18.67M","0.05%"
"02/22/2013","5,569.91","5,535.47","5,578.56","5,523.41","23.86M","0.62%"
"02/21/2013","5,535.47","5,559.60","5,559.60","5,513.73","9.71M","-0.43%"
"02/20/2013","5,559.60","5,503.84","5,577.28","5,503.84","11.50M","1.01%"
"02/19/2013","5,503.84","5,488.45","5,512.07","5,480.59","10.04M","0.28%"
"02/18/2013","5,488.45","5,481.98","5,506.55","5,466.53","8.49M","0.12%"
"02/15/2013","5,481.98","5,469.25","5,508.69","5,454.12","19.42M","0.23%"
"02/14/2013","5,469.25","5,483.52","5,519.54","5,469.25","5.99M","-0.26%"
"02/13/2013","5,483.52","5,500.62","5,506.81","5,453.06","5.66M","-0.31%"
"02/12/2013","5,500.62","5,561.33","5,561.33","5,500.62","17.49M","-1.09%"
"02/11/2013","5,561.33","5,562.77","5,571.35","5,548.64","8.78M","-0.03%"
"02/08/2013","5,562.77","5,587.07","5,596.17","5,538.24","9.39M","-0.43%"
"02/07/2013","5,587.07","5,599.58","5,605.90","5,575.01","14.97M","-0.22%"
"02/06/2013","5,599.58","5,607.73","5,607.73","5,584.57","20.62M","-0.15%"
"02/05/2013","5,607.73","5,583.97","5,613.29","5,583.97","11.82M","0.43%"
"02/04/2013","5,583.97","5,588.78","5,613.17","5,582.60","8.61M","-0.09%"
"02/01/2013","5,588.78","5,481.29","5,597.50","5,481.29","15.80M","1.96%"
"01/31/2013","5,481.29","5,513.22","5,517.69","5,471.53","8.91M","-0.58%"
"01/30/2013","5,513.22","5,525.97","5,557.96","5,504.18","25.33M","-0.23%"
"01/29/2013","5,525.97","5,568.52","5,569.42","5,493.89","14.64M","-0.76%"
"01/28/2013","5,568.52","5,602.16","5,607.03","5,560.58","3.00M","-0.60%"
"01/25/2013","5,602.16","5,590.60","5,603.71","5,577.77","15.99M","0.21%"
"01/24/2013","5,590.60","5,604.38","5,612.09","5,573.89","6.51M","-0.25%"
"01/23/2013","5,604.38","5,579.89","5,604.87","5,570.01","7.24M","0.44%"
"01/22/2013","5,579.89","5,629.03","5,629.03","5,531.94","21.12M","-0.87%"
"01/21/2013","5,629.03","5,689.89","5,703.59","5,619.37","12.41M","-1.07%"
"01/18/2013","5,689.89","5,664.90","5,693.70","5,633.41","12.93M","0.44%"
"01/17/2013","5,664.90","5,658.12","5,670.61","5,621.90","9.87M","0.12%"
"01/16/2013","5,658.12","5,593.88","5,658.12","5,563.34","17.14M","1.15%"
"01/15/2013","5,593.88","5,628.08","5,636.22","5,567.18","23.99M","-0.61%"
"01/14/2013","5,628.08","5,586.31","5,634.87","5,586.31","13.54M","0.75%"
"01/11/2013","5,586.31","5,567.83","5,605.93","5,527.03","30.77M","0.33%"
"01/10/2013","5,567.83","5,541.30","5,567.83","5,518.23","24.59M","0.48%"
"01/09/2013","5,541.30","5,513.19","5,563.58","5,510.53","13.24M","0.51%"
"01/08/2013","5,513.19","5,414.46","5,518.57","5,388.35","20.61M","1.82%"
"01/07/2013","5,414.46","5,457.86","5,468.43","5,391.56","16.09M","-0.80%"
"01/04/2013","5,457.86","5,328.33","5,459.13","5,328.33","65.06M","2.43%"
"01/03/2013","5,328.33","5,149.56","5,347.83","5,149.56","24.33M","3.47%"
"01/01/2013","5,149.56","5,149.56","5,149.56","5,149.56","","0.00%"
"12/28/2012","5,149.56","5,128.40","5,157.33","5,103.19","11.75M","0.41%"
"12/27/2012","5,128.40","5,015.22","5,129.48","5,015.22","14.55M","2.26%"
"12/21/2012","5,015.22","4,932.96","5,016.15","4,914.50","24.28M","1.67%"
"12/20/2012","4,932.96","4,915.17","4,941.68","4,873.77","8.81M","0.36%"
"12/19/2012","4,915.17","4,887.36","4,919.21","4,886.54","7.94M","0.57%"
"12/18/2012","4,887.36","4,839.62","4,898.93","4,839.55","27.67M","0.99%"
"12/17/2012","4,839.62","4,829.05","4,839.62","4,817.46","12.94M","0.22%"
"12/14/2012","4,829.05","4,822.57","4,835.52","4,809.39","13.81M","0.13%"
"12/13/2012","4,822.57","4,820.02","4,839.74","4,814.03","8.12M","0.05%"
"12/12/2012","4,820.02","4,773.58","4,834.97","4,773.58","17.15M","0.97%"
"12/11/2012","4,773.58","4,749.65","4,781.38","4,749.56","13.33M","0.50%"
"12/10/2012","4,749.65","4,756.83","4,771.28","4,746.45","10.78M","-0.15%"
"12/07/2012","4,756.83","4,791.26","4,793.36","4,752.17","8.62M","-0.72%"
"12/06/2012","4,791.26","4,786.19","4,826.17","4,775.67","15.15M","0.11%"
"12/05/2012","4,786.19","4,796.47","4,810.62","4,777.59","9.15M","-0.21%"
"12/04/2012","4,796.47","4,807.38","4,813.43","4,790.33","15.44M","-0.23%"
"12/03/2012","4,807.38","4,790.91","4,810.47","4,788.61","11.93M","0.34%"
"11/29/2012","4,790.91","4,750.82","4,816.32","4,732.04","31.84M","0.84%"
"11/28/2012","4,750.82","4,775.31","4,779.50","4,743.02","9.54M","-0.51%"
"11/27/2012","4,775.31","4,758.84","4,783.74","4,738.98","9.33M","0.35%"
"11/26/2012","4,758.84","4,775.60","4,779.80","4,745.75","11.33M","-0.35%"
"11/23/2012","4,775.60","4,770.54","4,776.53","4,751.92","1.71M","0.11%"
"11/22/2012","4,770.54","4,781.56","4,789.50","4,766.16","4.12M","-0.23%"
"11/21/2012","4,781.56","4,795.97","4,802.07","4,778.18","5.04M","-0.30%"
"11/20/2012","4,795.97","4,775.55","4,801.31","4,771.70","9.97M","0.43%"
"11/19/2012","4,775.55","4,758.75","4,789.74","4,758.75","5.19M","0.35%"
"11/16/2012","4,758.75","4,750.93","4,758.75","4,732.81","10.02M","0.16%"
"11/15/2012","4,750.93","4,791.77","4,791.77","4,732.93","5.52M","-0.85%"
"11/14/2012","4,791.77","4,793.85","4,817.84","4,775.51","12.64M","-0.04%"
"11/13/2012","4,793.85","4,824.98","4,824.98","4,774.60","9.06M","-0.65%"
"11/12/2012","4,824.98","4,854.95","4,859.27","4,821.50","6.98M","-0.62%"
"11/09/2012","4,854.95","4,847.07","4,866.44","4,835.13","6.94M","0.16%"
"11/08/2012","4,847.07","4,903.46","4,903.46","4,843.68","14.11M","-1.15%"
"11/07/2012","4,903.46","4,944.50","4,944.50","4,899.82","7.20M","-0.83%"
"11/06/2012","4,944.50","4,935.91","4,948.11","4,929.31","7.71M","0.17%"
"11/05/2012","4,935.91","4,925.69","4,936.06","4,913.50","8.64M","0.21%"
"11/02/2012","4,925.69","4,936.41","4,941.64","4,914.24","17.72M","-0.22%"
"11/01/2012","4,936.41","4,925.24","4,936.41","4,899.60","5.21M","0.23%"
"10/31/2012","4,925.24","4,883.12","4,931.44","4,883.12","18.83M","0.86%"
"10/30/2012","4,883.12","4,880.36","4,897.37","4,873.95","7.63M","0.06%"
"10/29/2012","4,880.36","4,890.97","4,891.06","4,855.27","18.92M","-0.22%"
"10/26/2012","4,890.97","4,891.62","4,891.62","4,863.22","7.63M","-0.01%"
"10/25/2012","4,891.62","4,893.17","4,899.72","4,881.52","3.10M","-0.03%"
"10/24/2012","4,893.17","4,870.91","4,898.72","4,863.32","7.84M","0.46%"
"10/23/2012","4,870.91","4,894.42","4,898.90","4,864.51","10.04M","-0.48%"
"10/22/2012","4,894.42","4,924.40","4,924.40","4,878.37","10.28M","-0.61%"
"10/19/2012","4,924.40","4,947.59","4,963.97","4,914.11","14.58M","-0.47%"
"10/18/2012","4,947.59","4,921.01","4,953.80","4,917.01","13.09M","0.54%"
"10/17/2012","4,921.01","4,890.93","4,937.09","4,890.93","27.00M","0.62%"
"10/16/2012","4,890.93","4,820.68","4,892.72","4,820.68","17.49M","1.46%"
"10/15/2012","4,820.68","4,818.50","4,838.51","4,808.07","8.54M","0.05%"
"10/12/2012","4,818.50","4,782.00","4,834.58","4,773.69","11.00M","0.76%"
"10/11/2012","4,782.00","4,809.33","4,809.33","4,725.83","20.17M","-0.57%"
"10/10/2012","4,809.33","4,799.94","4,811.36","4,778.98","2.42M","0.20%"
"10/09/2012","4,799.94","4,797.14","4,807.24","4,773.36","9.11M","0.06%"
"10/08/2012","4,797.14","4,826.18","4,828.68","4,769.42","6.14M","-0.60%"
"10/05/2012","4,826.18","4,781.84","4,828.97","4,770.17","7.64M","0.93%"
"10/04/2012","4,781.84","4,723.07","4,781.84","4,722.89","6.77M","1.24%"
"10/03/2012","4,723.07","4,768.31","4,768.31","4,723.07","8.24M","-0.95%"
"10/02/2012","4,768.31","4,750.41","4,793.60","4,750.41","23.74M","0.38%"
"10/01/2012","4,750.41","4,725.11","4,752.26","4,718.69","3.00M","0.54%"
"09/28/2012","4,725.11","4,744.02","4,777.67","4,720.82","11.72M","-0.40%"
"09/27/2012","4,744.02","4,750.07","4,781.88","4,743.74","8.25M","-0.13%"
"09/26/2012","4,750.07","4,822.90","4,822.90","4,711.50","24.61M","-1.51%"
"09/25/2012","4,822.90","4,814.76","4,835.63","4,807.63","10.83M","0.17%"
"09/24/2012","4,814.76","4,910.39","4,922.06","4,806.52","6.09M","-1.95%"
"09/21/2012","4,910.39","4,916.49","4,957.24","4,904.54","9.64M","-0.12%"
"09/20/2012","4,916.49","4,962.80","4,962.80","4,914.97","7.54M","-0.93%"
"09/19/2012","4,962.80","4,987.37","4,999.58","4,953.79","11.47M","-0.49%"
"09/18/2012","4,987.37","4,975.32","4,990.26","4,942.78","17.56M","0.24%"
"09/17/2012","4,975.32","4,977.47","4,987.67","4,952.85","12.04M","-0.04%"
"09/14/2012","4,977.47","4,933.90","5,001.49","4,933.90","44.12M","0.88%"
"09/13/2012","4,933.90","4,946.91","4,947.84","4,922.81","13.17M","-0.26%"
"09/12/2012","4,946.91","4,905.81","4,956.52","4,902.75","15.56M","0.84%"
"09/11/2012","4,905.81","4,929.45","4,939.75","4,895.75","9.11M","-0.48%"
"09/10/2012","4,929.45","4,922.78","4,933.49","4,901.25","18.22M","0.14%"
"09/07/2012","4,922.78","4,823.65","4,924.49","4,823.65","29.44M","2.06%"
"09/06/2012","4,823.65","4,795.28","4,823.65","4,795.28","11.68M","0.59%"
"09/05/2012","4,795.28","4,801.68","4,812.61","4,792.52","8.84M","-0.13%"
"09/04/2012","4,801.68","4,818.85","4,819.53","4,793.81","8.50M","-0.36%"
"09/03/2012","4,818.85","4,812.87","4,832.56","4,804.39","8.58M","0.12%"
"08/31/2012","4,812.87","4,811.36","4,828.02","4,796.29","10.56M","0.03%"
"08/30/2012","4,811.36","4,818.11","4,828.48","4,808.59","8.69M","-0.14%"
"08/29/2012","4,818.11","4,814.17","4,820.33","4,804.71","17.93M","0.08%"
"08/28/2012","4,814.17","4,820.41","4,828.65","4,800.54","6.64M","-0.13%"
"08/27/2012","4,820.41","4,827.87","4,835.69","4,792.84","8.01M","-0.15%"
"08/24/2012","4,827.87","4,856.76","4,861.84","4,802.99","8.44M","-0.59%"
"08/23/2012","4,856.76","4,858.75","4,889.27","4,852.39","13.85M","-0.04%"
"08/22/2012","4,858.75","4,864.05","4,873.27","4,836.93","11.50M","-0.11%"
"08/21/2012","4,864.05","4,845.85","4,866.68","4,823.26","24.13M","0.38%"
"08/20/2012","4,845.85","4,828.51","4,863.64","4,817.82","8.50M","0.36%"
"08/17/2012","4,828.51","4,791.41","4,833.80","4,769.53","21.49M","0.77%"
"08/16/2012","4,791.41","4,732.73","4,797.47","4,725.86","19.37M","1.24%"
"08/14/2012","4,732.73","4,731.72","4,771.00","4,707.57","10.01M","0.02%"
"08/13/2012","4,731.72","4,671.44","4,761.76","4,660.46","19.45M","1.29%"
"08/10/2012","4,671.44","4,682.29","4,682.29","4,647.15","7.90M","-0.23%"
"08/09/2012","4,682.29","4,689.00","4,713.65","4,677.44","5.53M","-0.14%"
"08/08/2012","4,689.00","4,729.22","4,739.73","4,686.07","7.60M","-0.85%"
"08/07/2012","4,729.22","4,781.68","4,797.36","4,727.41","5.49M","-1.10%"
"08/06/2012","4,781.68","4,741.53","4,790.55","4,741.53","7.68M","0.85%"
"08/03/2012","4,741.53","4,728.58","4,775.26","4,687.03","20.72M","0.27%"
"08/02/2012","4,728.58","4,775.38","4,786.13","4,727.99","14.98M","-0.98%"
"08/01/2012","4,775.38","4,693.35","4,775.38","4,689.27","25.20M","1.75%"
"07/31/2012","4,693.35","4,652.64","4,695.66","4,642.14","16.02M","0.87%"
"07/30/2012","4,652.64","4,660.72","4,669.67","4,622.80","8.16M","-0.17%"
"07/27/2012","4,660.72","4,634.36","4,660.72","4,627.67","19.22M","0.57%"
"07/26/2012","4,634.36","4,590.26","4,636.92","4,583.48","6.23M","0.96%"
"07/25/2012","4,590.26","4,512.43","4,602.04","4,512.43","33.22M","1.72%"
"07/24/2012","4,512.43","4,526.02","4,550.76","4,506.93","6.04M","-0.30%"
"07/23/2012","4,526.02","4,671.23","4,671.23","4,521.11","17.89M","-3.11%"
"07/20/2012","4,671.23","4,747.24","4,747.24","4,665.47","3.76M","-1.60%"
"07/19/2012","4,747.24","4,759.17","4,783.01","4,723.33","14.03M","-0.25%"
"07/18/2012","4,759.17","4,735.35","4,759.17","4,699.36","7.13M","0.50%"
"07/17/2012","4,735.35","4,699.17","4,745.69","4,645.61","5.34M","0.77%"
"07/16/2012","4,699.17","4,635.32","4,708.27","4,592.16","19.85M","1.38%"
"07/13/2012","4,635.32","4,606.74","4,645.37","4,606.74","17.23M","0.62%"
"07/12/2012","4,606.74","4,583.50","4,616.11","4,555.76","13.08M","0.51%"
"07/11/2012","4,583.50","4,589.15","4,625.73","4,569.88","12.34M","-0.12%"
"07/10/2012","4,589.15","4,554.76","4,595.93","4,539.42","19.39M","0.76%"
"07/09/2012","4,554.76","4,506.74","4,559.90","4,506.74","41.56M","1.07%"
"07/06/2012","4,506.74","4,533.55","4,540.49","4,497.33","8.32M","-0.59%"
"07/05/2012","4,533.55","4,551.91","4,577.42","4,513.70","12.94M","-0.40%"
"07/04/2012","4,551.91","4,702.81","4,702.81","4,525.90","25.97M","-3.21%"
"07/03/2012","4,702.81","4,661.55","4,716.49","4,661.55","19.85M","0.89%"
"07/02/2012","4,661.55","4,528.16","4,679.35","4,528.16","37.99M","2.95%"
"06/29/2012","4,528.16","4,431.76","4,540.94","4,431.76","34.14M","2.18%"
"06/28/2012","4,431.76","4,386.90","4,443.42","4,362.04","16.92M","1.02%"
"06/27/2012","4,386.90","4,348.22","4,397.52","4,343.98","3.42M","0.89%"
"06/26/2012","4,348.22","4,427.61","4,427.61","4,346.44","22.89M","-1.79%"
"06/25/2012","4,427.61","4,473.48","4,473.48","4,392.05","12.29M","-1.03%"
"06/22/2012","4,473.48","4,504.80","4,504.80","4,445.84","22.71M","-0.70%"
"06/21/2012","4,504.80","4,540.81","4,547.38","4,488.95","11.71M","-0.79%"
"06/20/2012","4,540.81","4,535.68","4,561.57","4,528.10","14.85M","0.11%"
"06/19/2012","4,535.68","4,548.93","4,548.93","4,451.21","46.36M","-0.29%"
"06/18/2012","4,548.93","4,494.51","4,597.85","4,494.51","19.37M","1.21%"
"06/15/2012","4,494.51","4,467.14","4,494.51","4,455.20","20.89M","0.61%"
"06/14/2012","4,467.14","4,443.15","4,467.14","4,414.52","10.43M","0.54%"
"06/13/2012","4,443.15","4,438.40","4,465.15","4,416.61","14.19M","0.11%"
"06/12/2012","4,438.40","4,464.39","4,464.39","4,419.03","13.88M","-0.58%"
"06/11/2012","4,464.39","4,387.34","4,479.24","4,387.34","22.64M","1.76%"
"06/08/2012","4,387.34","4,431.71","4,431.71","4,371.50","7.33M","-1.00%"
"06/07/2012","4,431.71","4,362.66","4,457.44","4,362.66","12.27M","1.58%"
"06/06/2012","4,362.66","4,303.57","4,379.51","4,303.57","17.43M","1.37%"
"06/05/2012","4,303.57","4,375.35","4,392.48","4,278.37","17.58M","-1.64%"
"06/01/2012","4,375.35","4,567.44","4,567.44","4,375.35","27.51M","-4.21%"
"05/31/2012","4,567.44","4,620.79","4,620.89","4,567.37","15.67M","-1.15%"
"05/30/2012","4,620.79","4,667.96","4,667.96","4,591.72","6.55M","-1.01%"
"05/29/2012","4,667.96","4,638.90","4,671.07","4,638.31","6.52M","0.63%"
"05/28/2012","4,638.90","4,672.89","4,713.99","4,635.76","4.59M","-0.73%"
"05/25/2012","4,672.89","4,625.59","4,700.93","4,619.78","6.31M","1.02%"
"05/24/2012","4,625.59","4,651.26","4,662.33","4,601.79","19.23M","-0.55%"
"05/23/2012","4,651.26","4,700.49","4,700.49","4,648.92","11.60M","-1.05%"
"05/22/2012","4,700.49","4,595.31","4,700.49","4,595.31","9.89M","2.29%"
"05/21/2012","4,595.31","4,653.51","4,663.37","4,595.13","19.01M","-1.25%"
"05/18/2012","4,653.51","4,715.69","4,715.69","4,637.73","20.60M","-1.32%"
"05/17/2012","4,715.69","4,720.80","4,759.05","4,698.58","16.24M","-0.11%"
"05/16/2012","4,720.80","4,751.52","4,751.52","4,623.34","14.37M","-0.65%"
"05/15/2012","4,751.52","4,816.10","4,816.10","4,678.65","35.48M","-1.34%"
"05/14/2012","4,816.10","5,026.19","5,026.19","4,806.77","31.66M","-4.18%"
"05/11/2012","5,026.19","5,077.57","5,077.57","5,026.07","18.14M","-1.01%"
"05/10/2012","5,077.57","5,268.22","5,278.26","5,077.57","37.43M","-3.62%"
"05/09/2012","5,268.22","5,373.21","5,389.61","5,267.87","35.53M","-1.95%"
"05/08/2012","5,373.21","5,348.49","5,377.89","5,340.98","13.72M","0.46%"
"05/07/2012","5,348.49","5,370.55","5,370.55","5,307.57","17.65M","-0.41%"
"05/04/2012","5,370.55","5,385.67","5,402.42","5,356.75","6.93M","-0.28%"
"05/03/2012","5,385.67","5,304.17","5,385.67","5,290.96","10.02M","1.54%"
"05/02/2012","5,304.17","5,322.64","5,391.12","5,304.17","45.62M","-0.35%"
"04/30/2012","5,322.64","5,331.59","5,350.39","5,297.06","8.18M","-0.17%"
"04/27/2012","5,331.59","5,350.28","5,365.79","5,304.44","18.59M","-0.35%"
"04/26/2012","5,350.28","5,282.51","5,359.96","5,256.27","24.93M","1.28%"
"04/25/2012","5,282.51","5,243.86","5,287.27","5,241.68","4.41M","0.74%"
"04/24/2012","5,243.86","5,222.37","5,243.86","5,204.86","14.27M","0.41%"
"04/23/2012","5,222.37","5,258.78","5,258.78","5,200.77","16.32M","-0.69%"
"04/20/2012","5,258.78","5,260.57","5,260.67","5,244.15","13.00M","-0.03%"
"04/19/2012","5,260.57","5,301.75","5,301.75","5,246.16","14.14M","-0.78%"
"04/18/2012","5,301.75","5,303.26","5,314.78","5,274.56","7.36M","-0.03%"
"04/17/2012","5,303.26","5,290.08","5,317.55","5,245.45","6.94M","0.25%"
"04/13/2012","5,290.08","5,240.93","5,291.00","5,224.71","5.07M","0.94%"
"04/12/2012","5,240.93","5,221.98","5,244.78","5,213.21","10.10M","0.36%"
"04/11/2012","5,221.98","5,208.59","5,222.01","5,186.77","9.88M","0.26%"
"04/10/2012","5,208.59","5,241.00","5,259.66","5,199.21","10.47M","-0.62%"
"04/09/2012","5,241.00","5,313.00","5,313.00","5,213.21","5.60M","-1.36%"
"04/06/2012","5,313.00","5,329.57","5,330.69","5,286.90","5.43M","-0.31%"
"04/05/2012","5,329.57","5,349.07","5,367.03","5,319.50","10.25M","-0.36%"
"04/04/2012","5,349.07","5,361.40","5,361.40","5,323.80","2.23M","-0.23%"
"04/03/2012","5,361.40","5,367.91","5,367.91","5,338.55","6.51M","-0.12%"
"04/02/2012","5,367.91","5,372.48","5,408.74","5,350.62","9.30M","-0.09%"
"03/30/2012","5,372.48","5,310.15","5,382.56","5,310.15","24.84M","1.17%"
"03/29/2012","5,310.15","5,278.04","5,333.03","5,265.49","21.31M","0.61%"
"03/28/2012","5,278.04","5,267.00","5,305.53","5,249.34","13.27M","0.21%"
"03/27/2012","5,267.00","5,228.17","5,272.92","5,228.17","16.06M","0.74%"
"03/26/2012","5,228.17","5,161.63","5,245.05","5,161.63","12.41M","1.29%"
"03/23/2012","5,161.63","5,175.83","5,177.13","5,130.88","14.87M","-0.27%"
"03/22/2012","5,175.83","5,215.06","5,215.46","5,158.67","8.37M","-0.75%"
"03/21/2012","5,215.06","5,191.90","5,217.36","5,183.86","12.79M","0.45%"
"03/20/2012","5,191.90","5,217.37","5,217.37","5,174.40","12.50M","-0.49%"
"03/19/2012","5,217.37","5,265.01","5,281.39","5,190.87","23.05M","-0.90%"
"03/16/2012","5,265.01","5,238.00","5,299.39","5,236.23","36.26M","0.52%"
"03/15/2012","5,238.00","5,220.48","5,251.63","5,218.94","16.17M","0.34%"
"03/14/2012","5,220.48","5,150.87","5,259.89","5,150.87","40.69M","1.35%"
"03/13/2012","5,150.87","5,123.58","5,197.34","5,123.58","25.65M","0.53%"
"03/12/2012","5,123.58","5,304.31","5,305.85","5,123.58","43.69M","-3.41%"
"03/09/2012","5,304.31","5,310.70","5,351.79","5,291.51","32.69M","-0.12%"
"03/08/2012","5,310.70","5,264.93","5,360.87","5,264.93","27.16M","0.87%"
"03/07/2012","5,264.93","5,345.88","5,346.68","5,256.40","45.78M","-1.51%"
"03/06/2012","5,345.88","5,371.63","5,390.71","5,328.25","45.83M","-0.48%"
"03/05/2012","5,371.63","5,359.68","5,380.94","5,307.23","13.36M","0.22%"
"03/02/2012","5,359.68","5,322.63","5,394.61","5,316.63","45.51M","0.70%"
"03/01/2012","5,322.63","5,273.12","5,323.61","5,260.68","60.69M","0.94%"
"02/29/2012","5,273.12","5,200.27","5,276.46","5,200.27","47.20M","1.40%"
"02/28/2012","5,200.27","5,179.47","5,217.36","5,169.63","15.77M","0.40%"
"02/27/2012","5,179.47","5,245.90","5,245.90","5,174.68","33.51M","-1.27%"
"02/24/2012","5,245.90","5,218.72","5,247.94","5,198.87","33.29M","0.52%"
"02/23/2012","5,218.72","5,174.90","5,222.91","5,170.38","42.52M","0.85%"
"02/22/2012","5,174.90","5,106.48","5,196.85","5,074.66","46.23M","1.34%"
"02/21/2012","5,106.48","5,103.51","5,158.83","5,049.70","15.53M","0.06%"
"02/20/2012","5,103.51","5,035.72","5,130.49","5,020.61","20.20M","1.35%"
"02/17/2012","5,035.72","5,025.53","5,088.82","5,020.72","15.56M","0.20%"
"02/16/2012","5,025.53","5,015.53","5,041.51","4,917.53","60.12M","0.20%"
"02/15/2012","5,015.53","5,070.63","5,137.85","5,012.29","15.92M","-1.09%"
"02/14/2012","5,070.63","5,096.60","5,146.37","5,057.22","18.53M","-0.51%"
"02/13/2012","5,096.60","5,049.43","5,107.06","5,049.43","10.33M","0.93%"
"02/10/2012","5,049.43","5,092.14","5,121.10","5,014.42","39.99M","-0.84%"
"02/09/2012","5,092.14","5,030.37","5,096.16","5,007.48","16.98M","1.23%"
"02/08/2012","5,030.37","4,960.18","5,037.30","4,960.18","69.28M","1.42%"
"02/07/2012","4,960.18","4,942.61","4,975.17","4,927.63","7.05M","0.36%"
"02/06/2012","4,942.61","5,004.48","5,042.92","4,872.06","55.36M","-1.24%"
"02/03/2012","5,004.48","4,929.67","5,036.58","4,928.87","56.74M","1.52%"
"02/02/2012","4,929.67","4,926.51","4,973.29","4,910.93","46.06M","0.06%"
"02/01/2012","4,926.51","4,887.75","4,947.30","4,887.75","48.18M","0.79%"
"01/31/2012","4,887.75","4,745.54","4,903.79","4,745.54","55.08M","3.00%"
"01/30/2012","4,745.54","4,768.14","4,776.24","4,667.81","31.90M","-0.47%"
"01/27/2012","4,768.14","4,679.79","4,777.19","4,662.84","40.55M","1.89%"
"01/26/2012","4,679.79","4,542.31","4,689.44","4,541.97","28.02M","3.03%"
"01/25/2012","4,542.31","4,504.85","4,542.31","4,504.85","24.26M","0.83%"
"01/24/2012","4,504.85","4,475.41","4,515.83","4,475.41","43.86M","0.66%"
"01/23/2012","4,475.41","4,454.36","4,481.77","4,446.26","41.18M","0.47%"
"01/20/2012","4,454.36","4,435.35","4,461.42","4,424.49","53.54M","0.43%"
"01/19/2012","4,435.35","4,407.80","4,443.77","4,395.66","38.98M","0.63%"
"01/18/2012","4,407.80","4,428.30","4,431.57","4,386.03","11.02M","-0.46%"
"01/17/2012","4,428.30","4,385.63","4,428.30","4,363.13","17.03M","0.97%"
"01/16/2012","4,385.63","4,382.60","4,385.63","4,352.72","11.90M","0.07%"
"01/13/2012","4,382.60","4,376.58","4,420.72","4,376.58","24.06M","0.14%"
"01/12/2012","4,376.58","4,378.45","4,398.07","4,370.68","29.45M","-0.04%"
"01/11/2012","4,378.45","4,371.18","4,394.61","4,349.37","6.24M","0.17%"
"01/10/2012","4,371.18","4,371.13","4,381.78","4,352.23","6.35M","0.00%"
"01/09/2012","4,371.13","4,379.57","4,384.08","4,357.76","4.62M","-0.19%"
"01/06/2012","4,379.57","4,343.81","4,382.24","4,343.81","6.22M","0.82%"
"01/05/2012","4,343.81","4,342.97","4,373.08","4,337.75","10.68M","0.02%"
"01/04/2012","4,342.97","4,336.95","4,378.77","4,322.64","12.71M","0.14%"
"12/30/2011","4,336.95","4,277.52","4,336.95","4,273.71","11.26M","1.39%"
"12/29/2011","4,277.52","4,263.93","4,286.92","4,251.50","7.41M","0.32%"
"12/28/2011","4,263.93","4,299.69","4,307.72","4,260.09","13.93M","-0.83%"
"12/27/2011","4,299.69","4,319.56","4,327.74","4,282.53","4.49M","-0.46%"
"12/26/2011","4,319.56","4,319.56","4,319.56","4,319.56","","0.00%"
"12/25/2011","4,319.56","4,319.56","4,319.56","4,319.56","","0.00%"
"12/23/2011","4,319.56","4,307.82","4,347.73","4,295.11","12.40M","0.27%"
"12/22/2011","4,307.82","4,302.80","4,329.47","4,279.23","29.22M","0.12%"
"12/21/2011","4,302.80","4,256.07","4,309.59","4,256.07","34.17M","1.10%"
"12/20/2011","4,256.07","4,283.13","4,296.87","4,200.34","28.88M","-0.63%"
"12/19/2011","4,283.13","4,272.67","4,299.95","4,260.31","32.64M","0.24%"
"12/16/2011","4,272.67","4,324.14","4,338.78","4,263.69","28.46M","-1.19%"
"12/15/2011","4,324.14","4,276.48","4,352.37","4,276.48","45.72M","1.11%"
"12/14/2011","4,276.48","4,298.59","4,309.47","4,271.05","19.69M","-0.51%"
"12/13/2011","4,298.59","4,310.78","4,328.52","4,292.17","14.51M","-0.28%"
"12/12/2011","4,310.78","4,359.48","4,359.68","4,310.78","6.18M","-1.12%"
"12/09/2011","4,359.48","4,363.52","4,378.42","4,317.76","19.53M","-0.09%"
"12/08/2011","4,363.52","4,375.58","4,387.00","4,335.29","12.24M","-0.28%"
"12/07/2011","4,375.58","4,383.50","4,409.46","4,375.15","13.48M","-0.18%"
"12/06/2011","4,383.50","4,405.80","4,407.72","4,364.85","8.97M","-0.51%"
"12/05/2011","4,405.80","4,346.64","4,406.51","4,346.64","12.53M","1.36%"
"12/02/2011","4,346.64","4,245.33","4,346.64","4,245.33","19.97M","2.39%"
"11/30/2011","4,245.33","4,191.86","4,261.58","4,170.69","26.12M","1.28%"
"11/29/2011","4,191.86","4,172.21","4,197.67","4,144.10","21.08M","0.47%"
"11/28/2011","4,172.21","4,241.55","4,337.12","4,172.21","33.62M","-1.63%"
"11/25/2011","4,241.55","4,238.06","4,263.66","4,196.62","4.39M","0.08%"
"11/24/2011","4,238.06","4,275.60","4,319.36","4,232.18","32.91M","-0.88%"
"11/23/2011","4,275.60","4,347.23","4,347.23","4,271.92","4.13M","-1.65%"
"11/22/2011","4,347.23","4,377.04","4,393.06","4,329.48","32.81M","-0.68%"
"11/21/2011","4,377.04","4,424.05","4,424.05","4,375.87","18.94M","-1.06%"
"11/18/2011","4,424.05","4,479.53","4,485.96","4,422.80","28.20M","-1.24%"
"11/17/2011","4,479.53","4,511.11","4,520.66","4,463.13","32.28M","-0.70%"
"11/16/2011","4,511.11","4,507.70","4,518.21","4,488.11","24.20M","0.08%"
"11/15/2011","4,507.70","4,528.74","4,553.31","4,494.69","16.94M","-0.46%"
"11/14/2011","4,528.74","4,554.84","4,601.63","4,528.74","26.99M","-0.57%"
"11/11/2011","4,554.84","4,512.65","4,559.79","4,512.65","11.26M","0.93%"
"11/10/2011","4,512.65","4,535.43","4,535.43","4,482.20","27.74M","-0.50%"
"11/09/2011","4,535.43","4,557.03","4,599.84","4,524.32","17.58M","-0.47%"
"11/08/2011","4,557.03","4,553.11","4,650.93","4,553.11","19.85M","0.09%"
"11/07/2011","4,553.11","4,511.10","4,566.67","4,476.53","15.34M","0.93%"
"11/04/2011","4,511.10","4,475.37","4,542.07","4,475.37","19.01M","0.80%"
"11/03/2011","4,475.37","4,468.89","4,488.91","4,438.55","22.49M","0.15%"
"11/02/2011","4,468.89","4,488.10","4,516.14","4,432.85","17.81M","-0.43%"
"11/01/2011","4,488.10","4,579.62","4,589.10","4,439.09","27.41M","-2.00%"
"10/31/2011","4,579.62","4,664.64","4,673.74","4,571.67","28.05M","-1.82%"
"10/28/2011","4,664.64","4,705.31","4,729.67","4,659.15","42.93M","-0.86%"
"10/27/2011","4,705.31","4,517.12","4,706.33","4,517.12","83.68M","4.17%"
"10/26/2011","4,517.12","4,519.26","4,544.67","4,498.50","14.48M","-0.05%"
"10/25/2011","4,519.26","4,552.25","4,564.48","4,519.26","10.61M","-0.72%"
"10/24/2011","4,552.25","4,549.45","4,578.10","4,538.56","14.18M","0.06%"
"10/21/2011","4,549.45","4,487.13","4,574.13","4,473.06","11.25M","1.39%"
"10/20/2011","4,487.13","4,526.67","4,530.81","4,468.02","16.66M","-0.87%"
"10/19/2011","4,526.67","4,497.67","4,539.64","4,486.78","25.73M","0.64%"
"10/18/2011","4,497.67","4,519.59","4,522.53","4,447.55","20.41M","-0.48%"
"10/17/2011","4,519.59","4,476.52","4,530.18","4,460.38","11.63M","0.96%"
"10/14/2011","4,476.52","4,442.50","4,476.52","4,421.45","25.54M","0.77%"
"10/13/2011","4,442.50","4,494.43","4,500.77","4,437.21","22.87M","-1.16%"
"10/12/2011","4,494.43","4,484.46","4,510.67","4,438.78","21.52M","0.22%"
"10/11/2011","4,484.46","4,470.44","4,533.96","4,470.44","27.15M","0.31%"
"10/10/2011","4,470.44","4,551.61","4,551.61","4,431.54","26.96M","-1.78%"
"10/07/2011","4,551.61","4,280.49","4,551.61","4,280.49","63.19M","6.33%"
"10/06/2011","4,280.49","4,213.41","4,295.29","4,213.41","22.18M","1.59%"
"10/05/2011","4,213.41","4,191.90","4,232.63","4,191.90","22.55M","0.51%"
"10/04/2011","4,191.90","4,240.47","4,240.47","4,153.05","28.20M","-1.15%"
"10/03/2011","4,240.47","4,327.13","4,327.13","4,223.41","8.21M","-2.00%"
"09/30/2011","4,327.13","4,342.81","4,350.76","4,323.19","15.54M","-0.36%"
"09/29/2011","4,342.81","4,302.48","4,347.96","4,302.20","31.43M","0.94%"
"09/28/2011","4,302.48","4,352.18","4,364.15","4,296.37","20.63M","-1.14%"
"09/27/2011","4,352.18","4,206.95","4,365.73","4,206.95","37.71M","3.45%"
"09/26/2011","4,206.95","4,216.59","4,252.12","4,143.73","17.41M","-0.23%"
"09/23/2011","4,216.59","4,309.58","4,309.58","4,152.88","43.69M","-2.16%"
"09/22/2011","4,309.58","4,460.62","4,460.62","4,303.76","28.31M","-3.39%"
"09/21/2011","4,460.62","4,430.78","4,460.62","4,397.51","10.28M","0.67%"
"09/20/2011","4,430.78","4,406.73","4,442.11","4,393.53","15.50M","0.55%"
"09/19/2011","4,406.73","4,475.02","4,496.76","4,395.29","13.43M","-1.53%"
"09/16/2011","4,475.02","4,510.31","4,578.40","4,470.48","25.12M","-0.78%"
"09/15/2011","4,510.31","4,481.12","4,537.29","4,481.12","34.76M","0.65%"
"09/14/2011","4,481.12","4,438.66","4,508.07","4,404.75","32.86M","0.96%"
"09/13/2011","4,438.66","4,482.16","4,549.49","4,388.90","28.99M","-0.97%"
"09/12/2011","4,482.16","4,656.60","4,656.60","4,446.83","43.85M","-3.75%"
"09/09/2011","4,656.60","4,694.92","4,720.66","4,652.33","35.93M","-0.82%"
"09/08/2011","4,694.92","4,730.67","4,743.61","4,677.23","28.83M","-0.76%"
"09/07/2011","4,730.67","4,588.50","4,730.67","4,588.50","32.91M","3.10%"
"09/06/2011","4,588.50","4,617.03","4,628.89","4,573.28","33.02M","-0.62%"
"09/05/2011","4,617.03","4,717.59","4,717.59","4,592.46","24.59M","-2.13%"
"09/02/2011","4,717.59","4,797.30","4,797.30","4,696.43","18.62M","-1.66%"
"09/01/2011","4,797.30","4,804.33","4,821.08","4,739.68","23.25M","-0.15%"
"08/31/2011","4,804.33","4,727.06","4,821.17","4,693.46","25.32M","1.63%"
"08/30/2011","4,727.06","4,720.72","4,755.87","4,679.75","19.55M","0.13%"
"08/29/2011","4,720.72","4,607.92","4,724.94","4,607.92","24.72M","2.45%"
"08/26/2011","4,607.92","4,643.99","4,657.72","4,588.90","15.64M","-0.78%"
"08/25/2011","4,643.99","4,606.20","4,678.01","4,606.20","46.06M","0.82%"
"08/24/2011","4,606.20","4,557.47","4,631.34","4,557.47","27.55M","1.07%"
"08/23/2011","4,557.47","4,531.12","4,618.44","4,531.12","30.07M","0.58%"
"08/22/2011","4,531.12","4,487.56","4,538.43","4,435.44","24.28M","0.97%"
"08/19/2011","4,487.56","4,591.73","4,591.73","4,385.41","41.72M","-2.27%"
"08/18/2011","4,591.73","4,757.87","4,762.33","4,580.26","64.26M","-3.49%"
"08/17/2011","4,757.87","4,703.58","4,762.15","4,652.42","55.21M","1.15%"
"08/16/2011","4,703.58","4,678.71","4,761.60","4,620.32","56.47M","0.53%"
"08/12/2011","4,678.71","4,473.23","4,684.05","4,473.23","52.11M","4.59%"
"08/11/2011","4,473.23","4,557.70","4,599.70","4,380.72","58.33M","-1.85%"
"08/10/2011","4,557.70","4,419.70","4,704.09","4,419.70","116.83M","3.12%"
"08/09/2011","4,419.70","4,508.71","4,508.71","3,957.12","196.79M","-1.97%"
"08/08/2011","4,508.71","4,921.68","4,921.68","4,465.95","122.15M","-8.39%"
"08/05/2011","4,921.68","5,129.90","5,129.90","4,801.55","141.72M","-4.06%"
"08/04/2011","5,129.90","5,204.50","5,262.71","5,129.90","57.12M","-1.43%"
"08/03/2011","5,204.50","5,297.77","5,297.77","5,204.42","24.47M","-1.76%"
"08/02/2011","5,297.77","5,383.51","5,383.51","5,297.77","23.50M","-1.59%"
"08/01/2011","5,383.51","5,345.09","5,427.64","5,345.09","48.62M","0.72%"
"07/29/2011","5,345.09","5,365.91","5,365.91","5,342.35","53.74M","-0.39%"
"07/28/2011","5,365.91","5,364.71","5,367.97","5,337.02","32.78M","0.02%"
"07/27/2011","5,364.71","5,391.36","5,391.36","5,354.19","21.05M","-0.49%"
"07/26/2011","5,391.36","5,412.46","5,433.25","5,374.84","26.12M","-0.39%"
"07/25/2011","5,412.46","5,415.43","5,437.44","5,361.32","52.40M","-0.05%"
"07/22/2011","5,415.43","5,356.50","5,466.27","5,356.50","53.98M","1.10%"
"07/21/2011","5,356.50","5,351.26","5,366.63","5,345.48","38.27M","0.10%"
"07/20/2011","5,351.26","5,348.95","5,375.10","5,341.41","43.51M","0.04%"
"07/19/2011","5,348.95","5,365.59","5,392.85","5,348.95","29.26M","-0.31%"
"07/18/2011","5,365.59","5,460.94","5,460.94","5,338.17","32.24M","-1.75%"
"07/15/2011","5,460.94","5,418.77","5,463.03","5,368.81","54.69M","0.78%"
"07/14/2011","5,418.77","5,455.59","5,464.27","5,398.78","64.43M","-0.67%"
"07/13/2011","5,455.59","5,477.45","5,477.45","5,435.68","61.44M","-0.40%"
"07/12/2011","5,477.45","5,526.59","5,527.38","5,458.66","33.20M","-0.89%"
"07/11/2011","5,526.59","5,592.87","5,595.77","5,520.24","105.72M","-1.19%"
"07/08/2011","5,592.87","5,616.61","5,652.26","5,581.99","41.95M","-0.42%"
"07/07/2011","5,616.61","5,604.63","5,679.93","5,573.28","59.43M","0.21%"
"07/06/2011","5,604.63","5,629.05","5,636.32","5,568.22","59.93M","-0.43%"
"07/05/2011","5,629.05","5,532.18","5,629.05","5,532.18","66.49M","1.75%"
"07/04/2011","5,532.18","5,490.79","5,552.54","5,483.76","16.70M","0.75%"
"07/01/2011","5,490.79","5,508.70","5,524.46","5,477.62","15.80M","-0.33%"
"06/30/2011","5,508.70","5,471.62","5,512.28","5,471.34","37.04M","0.68%"
"06/29/2011","5,471.62","5,451.72","5,510.53","5,451.46","49.29M","0.37%"
"06/28/2011","5,451.72","5,410.02","5,456.37","5,410.02","62.58M","0.77%"
"06/27/2011","5,410.02","5,509.64","5,515.97","5,410.02","27.35M","-1.81%"
"06/24/2011","5,509.64","5,500.04","5,547.45","5,494.94","51.57M","0.17%"
"06/23/2011","5,500.04","5,575.09","5,575.09","5,500.03","31.69M","-1.35%"
"06/22/2011","5,575.09","5,573.67","5,599.67","5,553.60","40.17M","0.03%"
"06/21/2011","5,573.67","5,546.88","5,617.97","5,546.55","69.12M","0.48%"
"06/20/2011","5,546.88","5,560.65","5,586.61","5,521.05","35.49M","-0.25%"
"06/17/2011","5,560.65","5,534.50","5,582.35","5,495.32","32.08M","0.47%"
"06/16/2011","5,534.50","5,593.89","5,593.89","5,483.54","35.18M","-1.06%"
"06/15/2011","5,593.89","5,620.58","5,638.77","5,591.33","55.33M","-0.47%"
"06/14/2011","5,620.58","5,545.92","5,620.58","5,545.92","67.70M","1.35%"
"06/10/2011","5,545.92","5,556.66","5,564.01","5,530.51","42.98M","-0.19%"
"06/09/2011","5,556.66","5,571.93","5,572.09","5,523.17","39.54M","-0.27%"
"06/08/2011","5,571.93","5,562.34","5,571.93","5,523.74","46.06M","0.17%"
"06/07/2011","5,562.34","5,564.53","5,601.41","5,530.81","65.00M","-0.04%"
"06/06/2011","5,564.53","5,506.90","5,574.10","5,497.21","29.72M","1.05%"
"06/03/2011","5,506.90","5,523.25","5,552.25","5,505.99","46.90M","-0.30%"
"06/02/2011","5,523.25","5,578.76","5,578.76","5,492.59","34.32M","-1.00%"
"06/01/2011","5,578.76","5,468.66","5,592.69","5,468.66","83.71M","2.01%"
"05/31/2011","5,468.66","5,464.13","5,502.20","5,446.76","39.20M","0.08%"
"05/30/2011","5,464.13","5,485.95","5,489.29","5,446.31","21.77M","-0.40%"
"05/27/2011","5,485.95","5,438.54","5,486.56","5,429.61","44.88M","0.87%"
"05/26/2011","5,438.54","5,418.58","5,489.22","5,412.80","60.17M","0.37%"
"05/25/2011","5,418.58","5,483.51","5,484.59","5,386.95","60.68M","-1.18%"
"05/24/2011","5,483.51","5,534.80","5,543.15","5,476.54","42.25M","-0.93%"
"05/23/2011","5,534.80","5,624.54","5,624.54","5,530.15","15.28M","-1.60%"
"05/20/2011","5,624.54","5,621.82","5,643.07","5,615.22","3.89M","0.05%"
"05/19/2011","5,621.82","5,632.56","5,661.08","5,613.83","39.51M","-0.19%"
"05/18/2011","5,632.56","5,648.53","5,695.25","5,632.56","17.76M","-0.28%"
"05/17/2011","5,648.53","5,686.98","5,694.98","5,648.45","18.15M","-0.68%"
"05/16/2011","5,686.98","5,719.38","5,719.38","5,665.14","19.65M","-0.57%"
"05/13/2011","5,719.38","5,648.81","5,727.92","5,648.81","27.63M","1.25%"
"05/12/2011","5,648.81","5,667.36","5,673.21","5,569.30","72.96M","-0.33%"
"05/11/2011","5,667.36","5,734.52","5,753.51","5,658.10","46.29M","-1.17%"
"05/10/2011","5,734.52","5,781.88","5,781.88","5,730.57","21.36M","-0.82%"
"05/09/2011","5,781.88","5,797.61","5,813.73","5,764.80","14.52M","-0.27%"
"05/06/2011","5,797.61","5,775.53","5,797.61","5,728.63","11.80M","0.38%"
"05/05/2011","5,775.53","5,780.64","5,816.38","5,754.50","21.39M","-0.09%"
"05/04/2011","5,780.64","5,762.64","5,790.75","5,729.15","28.50M","0.31%"
"05/03/2011","5,762.64","5,873.97","5,873.97","5,745.35","42.08M","-1.90%"
"05/02/2011","5,873.97","5,921.53","5,921.53","5,843.77","50.02M","-0.80%"
"04/29/2011","5,921.53","5,978.36","5,978.36","5,888.38","76.64M","-0.95%"
"04/28/2011","5,978.36","5,936.18","5,979.82","5,920.75","2.94M","0.71%"
"04/27/2011","5,936.18","5,894.29","5,937.68","5,886.17","1.18M","0.71%"
"04/26/2011","5,894.29","5,917.36","5,924.91","5,888.77","4.56M","-0.39%"
"04/22/2011","5,917.36","5,867.45","5,917.36","5,867.45","1.94M","0.85%"
"04/21/2011","5,867.45","5,941.48","5,995.08","5,867.45","13.74M","-1.25%"
"04/20/2011","5,941.48","5,876.69","5,956.56","5,876.69","31.58M","1.10%"
"04/19/2011","5,876.69","5,900.04","5,914.78","5,824.85","36.11M","-0.40%"
"04/18/2011","5,900.04","5,933.33","6,023.16","5,893.52","21.84M","-0.56%"
"04/15/2011","5,933.33","5,945.81","5,977.35","5,879.91","38.04M","-0.21%"
"04/14/2011","5,945.81","5,987.61","6,004.66","5,945.59","44.97M","-0.70%"
"04/13/2011","5,987.61","5,943.92","6,011.35","5,931.74","17.99M","0.74%"
"04/12/2011","5,943.92","5,995.81","6,016.29","5,906.24","33.56M","-0.87%"
"04/11/2011","5,995.81","6,068.40","6,098.96","5,986.46","22.96M","-1.20%"
"04/08/2011","6,068.40","6,012.07","6,068.40","5,988.06","27.31M","0.94%"
"04/07/2011","6,012.07","5,951.44","6,012.07","5,950.88","38.21M","1.02%"
"04/06/2011","5,951.44","5,909.63","5,977.13","5,909.63","25.13M","0.71%"
"04/05/2011","5,909.63","5,910.96","5,933.96","5,875.22","18.37M","-0.02%"
"04/04/2011","5,910.96","5,957.72","5,959.68","5,903.48","16.24M","-0.78%"
"04/01/2011","5,957.72","5,928.64","5,971.13","5,928.64","14.66M","0.49%"
"03/31/2011","5,928.64","5,949.53","5,970.45","5,925.65","22.63M","-0.35%"
"03/30/2011","5,949.53","5,940.12","5,974.35","5,928.07","26.71M","0.16%"
"03/29/2011","5,940.12","6,001.57","6,026.86","5,916.61","32.18M","-1.02%"
"03/28/2011","6,001.57","6,062.67","6,077.88","5,990.49","29.07M","-1.01%"
"03/25/2011","6,062.67","5,893.58","6,062.67","5,885.46","33.32M","2.87%"
"03/24/2011","5,893.58","5,837.71","5,893.58","5,818.18","31.57M","0.96%"
"03/23/2011","5,837.71","5,845.59","5,906.73","5,837.71","26.70M","-0.13%"
"03/22/2011","5,845.59","5,820.83","5,891.50","5,820.83","21.22M","0.43%"
"03/21/2011","5,820.83","5,690.51","5,821.78","5,680.31","41.17M","2.29%"
"03/18/2011","5,690.51","5,812.44","5,832.01","5,690.48","9.58M","-2.10%"
"03/17/2011","5,812.44","5,760.99","5,812.48","5,690.63","6.99M","0.89%"
"03/16/2011","5,760.99","5,657.28","5,768.99","5,657.28","9.34M","1.83%"
"03/15/2011","5,657.28","5,820.00","5,820.00","5,642.50","9.57M","-2.80%"
"03/14/2011","5,820.00","5,804.54","5,826.45","5,766.15","4.40M","0.27%"
"03/11/2011","5,804.54","5,911.13","5,911.13","5,789.07","9.16M","-1.80%"
"03/10/2011","5,911.13","5,866.42","5,911.46","5,836.16","8.34M","0.76%"
"03/09/2011","5,866.42","5,821.11","5,872.04","5,812.63","13.66M","0.78%"
"03/08/2011","5,821.11","5,847.95","5,847.95","5,795.01","5.67M","-0.46%"
"03/07/2011","5,847.95","5,845.16","5,853.12","5,774.24","13.35M","0.05%"
"03/04/2011","5,845.16","5,850.06","5,861.69","5,826.08","6.20M","-0.08%"
"03/03/2011","5,850.06","5,765.13","5,850.06","5,760.73","11.97M","1.47%"
"03/02/2011","5,765.13","5,792.66","5,792.66","5,745.24","5.21M","-0.48%"
"03/01/2011","5,792.66","5,864.43","5,867.86","5,790.23","12.95M","-1.22%"
"02/28/2011","5,864.43","5,691.89","5,864.43","5,680.82","23.83M","3.03%"
"02/25/2011","5,691.89","5,607.32","5,691.89","5,607.32","9.30M","1.51%"
"02/24/2011","5,607.32","5,721.81","5,725.31","5,607.00","3.78M","-2.00%"
"02/23/2011","5,721.81","5,626.42","5,723.58","5,626.42","12.44M","1.70%"
"02/22/2011","5,626.42","5,642.37","5,642.37","5,609.38","2.40M","-0.28%"
"02/21/2011","5,642.37","5,671.88","5,671.88","5,640.98","6.91M","-0.52%"
"02/18/2011","5,671.88","5,632.71","5,677.66","5,611.53","3.16M","0.70%"
"02/17/2011","5,632.71","5,594.59","5,632.89","5,594.59","3.15M","0.68%"
"02/16/2011","5,594.59","5,658.40","5,674.79","5,588.31","11.89M","-1.13%"
"02/15/2011","5,658.40","5,656.45","5,682.14","5,634.81","6.58M","0.03%"
"02/14/2011","5,656.45","5,640.97","5,676.18","5,626.90","2.42M","0.27%"
"02/11/2011","5,640.97","5,703.57","5,713.97","5,633.99","2.22M","-1.10%"
"02/10/2011","5,703.57","5,751.26","5,751.26","5,682.09","2.81M","-0.83%"
"02/09/2011","5,751.26","5,729.52","5,760.31","5,729.52","5.89M","0.38%"
"02/08/2011","5,729.52","5,716.12","5,744.53","5,714.30","3.22M","0.23%"
"02/07/2011","5,716.12","5,678.06","5,727.76","5,678.06","2.39M","0.67%"
"02/04/2011","5,678.06","5,676.52","5,688.65","5,661.39","6.84M","0.03%"
"02/03/2011","5,676.52","5,748.33","5,748.33","5,675.66","8.73M","-1.25%"
"02/02/2011","5,748.33","5,685.15","5,760.32","5,685.15","6.92M","1.11%"
"02/01/2011","5,685.15","5,672.66","5,731.72","5,670.16","43.72M","0.22%"
"01/31/2011","5,672.66","5,742.44","5,742.44","5,640.96","7.66M","-1.22%"
"01/28/2011","5,742.44","5,750.61","5,750.61","5,665.73","10.91M","-0.14%"
"01/27/2011","5,750.61","5,742.68","5,750.61","5,666.37","11.55M","0.14%"
"01/26/2011","5,742.68","5,773.31","5,775.02","5,702.29","13.25M","-0.53%"
"01/25/2011","5,773.31","5,766.23","5,778.10","5,717.50","9.13M","0.12%"
"01/24/2011","5,766.23","5,755.34","5,778.87","5,735.16","11.29M","0.19%"
"01/21/2011","5,755.34","5,808.01","5,815.06","5,743.12","8.84M","-0.91%"
"01/20/2011","5,808.01","5,858.56","5,858.56","5,782.35","10.97M","-0.86%"
"01/19/2011","5,858.56","5,825.30","5,901.74","5,816.52","6.08M","0.57%"
"01/18/2011","5,825.30","5,784.02","5,869.88","5,777.28","15.56M","0.71%"
"01/17/2011","5,784.02","5,757.69","5,794.73","5,743.95","5.43M","0.46%"
"01/14/2011","5,757.69","5,784.57","5,809.31","5,727.46","6.69M","-0.46%"
"01/13/2011","5,784.57","5,758.84","5,793.84","5,737.06","7.83M","0.45%"
"01/12/2011","5,758.84","5,688.55","5,770.73","5,688.55","5.35M","1.24%"
"01/11/2011","5,688.55","5,626.23","5,708.91","5,623.20","8.87M","1.11%"
"01/10/2011","5,626.23","5,589.91","5,647.11","5,557.84","7.79M","0.65%"
"01/07/2011","5,589.91","5,542.79","5,636.65","5,514.92","13.79M","0.85%"
"01/06/2011","5,542.79","5,421.29","5,542.79","5,421.29","7.30M","2.24%"
"01/05/2011","5,421.29","5,421.61","5,421.98","5,365.77","9.64M","-0.01%"
"01/04/2011","5,421.61","5,366.38","5,422.34","5,366.38","7.56M","1.03%"
"01/03/2011","5,366.38","5,268.61","5,370.66","5,268.61","13.89M","1.86%"
"12/30/2010","5,268.61","5,219.58","5,269.40","5,202.18","4.91M","0.94%"
"12/29/2010","5,219.58","5,199.43","5,238.55","5,199.43","1.10M","0.39%"
"12/28/2010","5,199.43","5,170.80","5,200.85","5,151.86","2.38M","0.55%"
"12/27/2010","5,170.80","5,186.95","5,193.19","5,130.38","3.11M","-0.31%"
"12/23/2010","5,186.95","5,141.00","5,195.47","5,137.88","11.22M","0.89%"
"12/22/2010","5,141.00","5,132.11","5,152.12","5,111.44","18.48M","0.17%"
"12/21/2010","5,132.11","5,133.93","5,150.97","5,119.11","3.02M","-0.04%"
"12/20/2010","5,133.93","5,149.98","5,149.98","5,092.22","2.31M","-0.31%"
"12/17/2010","5,149.98","5,138.51","5,154.57","5,112.31","6.82M","0.22%"
"12/16/2010","5,138.51","5,146.34","5,146.34","5,111.21","1.34M","-0.15%"
"12/15/2010","5,146.34","5,154.68","5,160.36","5,124.19","1.67M","-0.16%"
"12/14/2010","5,154.68","5,155.98","5,171.86","5,131.56","5.20M","-0.03%"
"12/13/2010","5,155.98","5,174.08","5,174.08","5,116.80","1.12M","-0.35%"
"12/10/2010","5,174.08","5,146.64","5,176.28","5,131.82","6.65M","0.53%"
"12/09/2010","5,146.64","5,168.91","5,184.86","5,115.91","2.54M","-0.43%"
"12/08/2010","5,168.91","5,148.60","5,169.30","5,119.17","4.57M","0.39%"
"12/07/2010","5,148.60","5,099.41","5,158.65","5,083.43","6.85M","0.96%"
"12/06/2010","5,099.41","5,156.87","5,157.67","5,084.18","4.12M","-1.11%"
"12/03/2010","5,156.87","5,115.27","5,171.93","5,115.27","4.50M","0.81%"
"12/02/2010","5,115.27","5,093.95","5,170.40","5,093.95","7.02M","0.42%"
"11/30/2010","5,093.95","5,052.52","5,098.38","5,049.35","5.11M","0.82%"
"11/29/2010","5,052.52","5,039.24","5,087.27","5,036.99","5.01M","0.26%"
"11/26/2010","5,039.24","5,064.34","5,080.90","5,035.73","6.45M","-0.50%"
"11/25/2010","5,064.34","5,093.61","5,093.61","5,034.66","3.95M","-0.57%"
"11/24/2010","5,093.61","5,082.46","5,100.44","5,060.60","3.40M","0.22%"
"11/23/2010","5,082.46","5,078.69","5,110.21","5,066.04","9.53M","0.07%"
"11/22/2010","5,078.69","5,148.21","5,164.97","5,078.69","2.75M","-1.35%"
"11/19/2010","5,148.21","5,185.27","5,189.20","5,148.21","1.49M","-0.71%"
"11/18/2010","5,185.27","5,176.26","5,198.21","5,167.03","2.77M","0.17%"
"11/17/2010","5,176.26","5,139.82","5,185.23","5,106.22","6.76M","0.71%"